id,level,parent,name
2761,1,,03 totalt
90000,2,2761,försök till mord och dråp
2772,3,90000,försök till mord eller dråp utan skjutvapen mot kvinna/flickor
2773,3,90000,försök till mord eller dråp utan skjutvapen mot man/pojkar
2776,3,90000,försök till mord eller dråp med skjutvapen mot kvinna/flickor
2777,3,90000,försök till mord eller dråp med skjutvapen mot man/pojkar
2778,3,90000,barnadråp
90001,2,2761,fullbordade mord eller dråp
2779,3,90001,fullbordade mord eller dråp utan skjutvapen mot kvinna/flickor
2780,3,90001,fullbordade mord eller dråp utan skjutvapen mot man/pojkar
2781,3,90001,fullbordade mord eller dråp med skjutvapen mot kvinna/flickor
2782,3,90001,fullbordade mord eller dråp med skjutvapen mot man/pojkar
2784,3,90001,vållande till annans död i samband med trafikolycka
2786,3,90001,"vållande till kroppsskada/sjukdom,ej i samb m trafikolycka(upph.år 1983)"
90002,2,2761,"misshandelsfall, utomhus"
2804,3,90002,misshandelsfall utomhus mot kvinnor 18 år eller äldre som inte är bekant med offret
2805,3,90002,misshandelsfall utomhus mot kvinnor 18 år eller äldre som är bekant med offret
2806,3,90002,misshandelsfall utomhus mot män äldre än 18 år där offret är obekant
2807,3,90002,misshandelsfall utomhus mot män äldre än 18 år där offret är bekant
90003,2,2761,"misshandelsfall inomhus, 18 år eller äldre som inte är bekanta med offret"
2812,3,90003,misshandelsfall inomhus mot kvinnor 18 år eller äldre som inte är bekanta med offret
2814,3,90003,misshandelsfall inomhus mot män 18 år eller äldre som inte är bekanta med offret
90004,2,2761,"grova misshandelsfall utomhus, 18 år eller äldre"
2820,3,90004,grova misshandelsfall utomhus mot kvinnor 18 år eller äldre som är inte bekanta med offret
2821,3,90004,grova misshandelsfall utomhus mot kvinnor 18 år eller äldre där gärningsmännen varit bekanta med offret
2822,3,90004,grova misshandelsfall utomhus mot män 18 år eller äldre som är inte bekanta med offret
2823,3,90004,grova misshandelsfall utomhus mot män 18 år eller äldre där gärningsmännen varit bekanta med offret
90005,2,2761,"grova misshandelsfall inomhus, 18 år eller äldre"
2828,3,90005,grova misshandelsfall inomhus mot kvinnor 18 år eller äldre som är inte bekanta med offret
2830,3,90005,"grova misshandelsfall inomhus mot män 18 år eller äldre, obek m offret"
90006,2,2761,vållande till annans död
2832,3,90006,vållande till annans död i samband med arbetsolyckor
2833,3,90006,vållande till annans död i övriga fall
2834,3,90006,vållande till kroppsskada i samband med arbetsolyckor
2835,3,90006,vållande till kroppsskada i övriga fall
2836,3,90006,framkallande av fara för arbetstagare
2837,3,90006,framkallande av fara i övriga fall
2762,1,,04 totalt
90007,2,2762,hemfridsbrott och ofredande
2838,3,90007,hemfridsbrott och olaga intrång
2844,3,90007,ofredande mot män 18 år eller äldre
2845,3,90007,ofredande mot kvinnor 18 år eller äldre
90008,2,2762,"grova kvinnofridskränkningar, ofredanden mot grupp, dataintrång och fall av människohandel för sexuella ändamål"
2849,3,90008,grova kvinnofridskränkningar
2851,3,90008,ofredande mot grupp
2852,3,90008,dataintrång
4513,3,90008,fall av fall av människohandel för sexuella ändamål med barn under 18 år
4514,3,90008,all av fall av människohandel för sexuella ändamål med personer 18 år eller äldre
90009,2,2762,grova fridkränkningar och ofredande mot barn
4517,3,90009,grova fridskränkning mot flickor under 18 år
4518,3,90009,grova fridskränkning mot pojkar under 18 år
4519,3,90009,grova fridskränkning mot kvinnor 18 år eller äldre
4520,3,90009,grova fridskränkning mot män 18 år eller äldre
4523,3,90009,ofredande mot flickor under 18 år
4524,3,90009,ofredande mot pojkar under 18 år
90010,2,2762,"människorov, olaga tvång och anmälningar om kränkande foto"
4688,3,90010,brott mot människorov och olaga frihetsberövande
4689,3,90010,brott mot olaga tvång och avlyssning
4799,3,90010,kränkande fotografering
4820,3,90010,anmälningar om äktenskapstvång
4821,3,90010,anmälningar om vilseledande till tvångsäktenskapsresa
90011,2,2762,fall av olaga förföljelse
4708,3,90011,fall av olaga förföljelse mot flickor under 18 år
4709,3,90011,fall av olaga förföljelse mot pojkar under 18 år
4710,3,90011,fall av olaga förföljelse mot kvinnor 18 år eller äldre
4711,3,90011,fall av olaga förföljelse mot män 18 år eller äldre
90012,2,2762,fall av människohandel
4773,3,90012,fall av människohandel för tvångsarbete med barn under 18 år
4774,3,90012,fall av människohandel för tvångsarbete med personer 18 år eller äldre
4775,3,90012,fall av människohandel för tiggeri med barn under 18 år
4776,3,90012,fall av människohandel för tiggeri med personer 18 år eller äldre
4777,3,90012,fall av människohandel för organhandel med barn under 18 år
4778,3,90012,fall av människohandel för organhandel med personer 18 år eller äldre
4789,3,90012,fall av människohandel för krigstjänst med barn under 18 år
4790,3,90012,fall av människohandel för krigstjänst med personer 18 år eller äldre
4791,3,90012,fall av människohandel för övriga ändamål med barn under 18 år
4792,3,90012,fall av människohandel för övriga ändamål med personer 18 år eller äldre
2763,1,,05 - 07 totalt
90013,2,2763,fall av sexuellt ofredande och koppleri
2861,3,90013,fall av sexuellt ofredande och exhibitionism
2863,3,90013,fall av koppleri
90014,2,2763,fall av sexuellt utnyttjande av minderårig
2864,3,90014,köp av sexuell handling av barn under 18 år
4108,3,90014,utnyttjande av barn under 18 år för sexuell posering
4753,3,90014,"fall av sexuellt tvång, sexuellt utnyttjande av personer i beroendeställning, samlag med avkomling eller syskon mot kvinnor 18 år eller äldre"
4754,3,90014,"fall av sexuellt tvång, sexuellt utnyttjande av personer i beroendeställning, samlag med avkomling eller syskon mot män 18 år eller äldre"
4755,3,90014,"fall av sexuellt tvång, sexuellt utnyttjande av personer i beroendeställning, samlag med avkomling eller syskon, mot flickor 15-17 år"
4756,3,90014,"fall av sexuellt tvång, sexuellt utnyttjande av personer i beroendeställning, samlag med avkomling eller syskon, mot pojkar 15-17 år"
90015,2,2763,försök till och fullbordade våldtäkter och fall av sexuellt utnyttjande
4193,3,90015,våldtäktsförsök utomhus mot flickor under 15 år
4194,3,90015,våldtäktsförsök inomhus mot flickor under 15 år
4195,3,90015,våldtäktsförsök utomhus mot pojkar under 15 år
4196,3,90015,våldtäktsförsök inomhus mot pojkar under 15 år
4201,3,90015,"försök till våldtäkt, inkl. grov, utomhus mot kvinnor 18 år eller äldre"
4202,3,90015,"försök till våldtäkt, inkl. grov, inomhus mot kvinnor 18 år eller äldre"
4203,3,90015,våldtäktsförsök utomhus mot män 18 år eller äldre
4204,3,90015,våldtäktsförsök inomhus mot män 18 år eller äldre
4205,3,90015,fullbordade våldtäkter utomhus mot flickor under 15 år
4206,3,90015,fullbordade våldtäkter inomhus mot flickor under 15 år
4207,3,90015,fullbordade våldtäkter utomhus mot pojkar under 15 år
4208,3,90015,fullbordade våldtäkter inomhus mot pojkar under 15 år
4213,3,90015,fullbordade våldtäkter utomhus mot kvinnor 18 år eller äldre
4214,3,90015,fullbordade våldtäkter inomhus mot kvinnor 18 år eller äldre
4215,3,90015,fullbordade våldtäkter utomhus mot män 18 år eller äldre
4216,3,90015,fullbordade våldtäkter inomhus mot män 18 år eller äldre
4526,3,90015,fall av sexuellt utnyttjande av flickor under 15 år
4527,3,90015,fall av sexuellt utnyttjande av pojkar under 15 år
4528,3,90015,fall av sexuellt utnyttjande av flickor 15-17 år
4529,3,90015,fall av sexuellt utnyttjande av pojkar 15-17 år
4530,3,90015,fall av sexuellt övergrepp mot flickor under 15 år
4531,3,90015,fall av sexuellt övergrepp mot pojkar under 15 år
4532,3,90015,fall av sexuellt övergrepp mot flickor 15-17 år
4533,3,90015,fall av sexuellt övergrepp mot pojkar 15-17 år
4640,3,90015,kontakter med flickor under 15 år i sexuellt syfte
4641,3,90015,kontakter med pojkar under 15 år i sexuellt syfte
4765,3,90015,våldtäktsförsök mot flickor 15-17 år utomhus
4766,3,90015,våldtäktsförsök mot flickor 15-17 år inomhus
4767,3,90015,våldtäktsförsök mot pojkar 15-17 år utomhus
4768,3,90015,våldtäktsförsök mot pojkar 15-17 år inomhus
4769,3,90015,fullbordade våldtäkter mot flickor 15-17 år utomhus
4770,3,90015,fullbordade våldtäkter mot flickor 15-17 år inomhus
4771,3,90015,fullbordade våldtäkter mot pojkar 15-17 år utomhus
4772,3,90015,fullbordade våldtäkter mot pojkar 15-17 år inomhus
4757,3,90015,våldtäktsförsök mot flickor 15-17 år utomhus
4758,3,90015,våldtäktsförsök mot flickor 15-17 år inomhus
4759,3,90015,våldtäktsförsök mot pojkar 15-17 år utomhus
4760,3,90015,våldtäktsförsök mot pojkar 15-17 år inomhus
4761,3,90015,fullbordade våldtäkter mot flickor 15-17 år utomhus
4762,3,90015,fullbordade våldtäkter mot flickor 15-17 år inomhus
4763,3,90015,fullbordade våldtäkter mot pojkar 15-17 år utomhus
4764,3,90015,fullbordade våldtäkter mot pojkar 15-17 år inomhus
90021,2,2763,fall av egenmäktighet med barn och tvegifte
2882,3,90021,fall av egenmäktighet med barn
2883,3,90021,"tvegiften, olovliga äktenskap och partnerskap"
2764,1,,08 totalt
90022,2,2764,tillgrepp av motordrivna fortskaffningsmedel
2884,3,90022,försök till tillgrepp av motordrivna fortskaffningsmedel
2885,3,90022,fullbordade tillgrepp av motordrivna fortskaffningsmedel
2886,3,90022,tillgrepp av motorcyklar
2887,3,90022,tillgrepp av mopeder
2888,3,90022,tillgrepp av båtar
2889,3,90022,tillgrepp av övriga motordrivna fortskaffningsmedel som snöskotrar
2890,3,90022,tillgrepp av cyklar
2891,3,90022,tillgrepp av ej motordrivna båtar
2892,3,90022,tillgrepp av andra ej motordrivna fordon
90023,2,2764,inbrottsstölderer
2894,3,90023,"inbrottsstölder i skolor, bibliotek, undervisningslokaler, förskolor och fritidshem"
2895,3,90023,"inbrottsstölder i idrotts-, bad- och sportanläggningar"
2896,3,90023,inbrottsstölder i läkar- eller tandläkarpraktiker och sjukhus
2897,3,90023,"stölder i biografer, teatrar, nöjes-, samlings- och ungdomslokaler"
2898,3,90023,inbrottsstölder i hotell och pensionat
2899,3,90023,"inbrottsstölder i kaféer, konditorier, restauranger och näringsställen"
2900,3,90023,"inbrottsstölder i apotek, apoteks- och läkemedelsförråd"
2901,3,90023,"inbrottsstölder i butiker, varuhus, kommersiella utställningslokaler"
2902,3,90023,"inbrottsstölder i kiosker, automater, skyltskåp"
2903,3,90023,inbrottsstölder i kontor
2904,3,90023,"inbrottsstölder i fabriker, lager och verkstäder"
2905,3,90023,inbrottsstölder ur baracker och bodar på byggplatser
2906,3,90023,"inbrottsstölder i garage, bensinstationer och bilverkstäder"
2908,3,90023,inbrottsstölder i källare och på vindar
2909,3,90023,inbrottsstölder i fritidshus
2910,3,90023,inbrottsstölder inom militärförläggningar och militära förråd
2912,3,90023,inbrottsstölder inom hamnområden
90025,2,2764,stölder genom inbrott
2913,3,90025,andra stölder med inbrott
2914,3,90025,inbrottsstölder av skjutvapen från militära förråd
2915,3,90025,inbrottsstölder av skjutvapen inom militärförläggningar
2916,3,90025,inbrottsstölder av skjutvapen från skytteorganisations lokaler eller förråd
2917,3,90025,inbrottsstölder av skjutvapen från vapenhandelslokaler eller förråd
2918,3,90025,inbrottsstölder av skjutvapen från sprängämnesförråd (ej militärt)
2919,3,90025,inbrottsstölder av skjutvapen i bostäder
2920,3,90025,inbrottsstölder av skjutvapen i fritidshus
2921,3,90025,inbrottsstölder av skjutvapen ur motorfordon
2922,3,90025,"övrig inbrottsstölder av skjutvapen, ammunition och sprängämnen"
90026,2,2764,stölder utan inbrott och rån
2923,3,90026,"stölder ur eller från motordrivet fordon, släpfordon och husvagnar"
2924,3,90026,stölder från cyklar
2927,3,90026,"stölder utan inbrott i skolor, bibliotek, undervisningslokaler, förskolor och fritidshem"
2928,3,90026,"stölder utan inbrott i idrotts-, bad- och sportanläggningar"
2929,3,90026,stölder utan inbrott i läkar- och tandläkarpraktiker och sjukhus
2930,3,90026,"stölder utan inbrott i biografer, teatrar, nöjes-, samlings- och ungdomslokaler"
2931,3,90026,stölder utan inbrott inom hamnområden
2932,3,90026,stölder utan inbrott inom campingplatser och strandbad
2933,3,90026,stölder utan inbrott i hotell och pensionat
2934,3,90026,"stölder utan inbrott i butiker, varuhus och kommersiella utställningslokaler"
2935,3,90026,stölder utan inbrott i kontor
2936,3,90026,rån utan skjutvapen
2937,3,90026,rån med skjutvapen
2938,3,90026,försök till inbrott i villor och radhus
2939,3,90026,stölder utan inbrott i bostäder hos funktionsnedsatt
2940,3,90026,stölder hos icke-funktionsnedsatta
2941,3,90026,"stölder utan inbrott i källare, vind"
2942,3,90026,"stölder utan inbrott inom militärförläggning, militärt förråd"
2943,3,90026,bankrån med skjutvapen
2945,3,90026,butiksrån med skjutvapen
2946,3,90026,taxirån med skjutvapen
2947,3,90026,rån mot värdetransporter med skjutvapen
2948,3,90026,rån mot värdebefordran med skjutvapen
2949,3,90026,bankrån utan skjutvapen
2951,3,90026,butiksrån utan skjutvapen
2952,3,90026,taxirån utan skjutvapen
2953,3,90026,rån mot värdetransporter utan skjutvapen
2954,3,90026,rån mot värdebefordran utan skjutvapen
2955,3,90026,försök till inbrott i lägenheter
2956,3,90026,"övr brott kap. 8, egenmäktigt förfar/självtäkt/olovl kraftavledn"
2961,3,90026,stölder utan inbrott och snatteri utan inbrott
2964,3,90026,"stölder utan inbrott i fabriker, lager och verkstäder"
2965,3,90026,stölder utan inbrott ur bodar och baracker på byggplatser
2967,3,90026,"stölder av kulturföremål genom inbrott i kyrkor, museer och hembygdsgårdar"
2968,3,90026,stölder kulturföremål ej inbr kyrkor/museer/hembygdsgårdar
2969,3,90026,"stölder utan inbrott i kafé, konditori, restaurang, näringsställe"
2973,3,90026,rån mot funktionsnedsatt utomhus med skjutvapen
2974,3,90026,rån mot funktionsnedsatt inomhus med skjutvapen
2977,3,90026,rån mot funktionsnedsatt utomhus utan skjutvapen
2978,3,90026,rån mot funktionsnedsatt inomhus utan skjutvapen
2765,1,,09 totalt
90032,2,2765,bedrägerier
2981,3,90032,datorbedrägerier
2982,3,90032,automatmissbruk
2983,3,90032,"bedrägerier mot hotell, restauranger, taxi, bussar, tåg och spårvagnar"
2984,3,90032,bedrägerier med kontokort
2985,3,90032,bedrägerier mot funktionsnedsatta
2986,3,90032,övriga bedrägerier
4078,3,90032,fall av bedrägligt beteende avseende bluffakturor
4111,3,90032,bedrägerier med hjälp av internet
4716,3,90032,bedrägerier mot EU:s finansiella intressen
4717,3,90032,övriga brott mot kapitel 9
4718,3,90032,fall av subventionsmissbruk
2992,3,90032,checkbedrägerier
2999,3,90032,försäkringsbedrägerier
3000,3,90032,tillfälliga häleriförseelser
3001,3,90032,vanemässiga och storskaliga häleriförseelser
3002,3,90032,överskridningar av egna konton
4627,3,90032,investeringsbedrägerier
90036,2,2765,fall av utpressning och ocker
4779,3,90036,fall av utpressning
4780,3,90036,fall av ockerfall
2766,1,,10 - 19 totalt
90037,2,2766,fall av förskingring
3003,3,90037,fall av grov förskingring
3004,3,90037,fall av olovligt förfogande över avbetalningsgods
3005,3,90037,andra fall av olovligt förfogande
3006,3,90037,fyndförseelser
3009,3,90037,fall av trolöshet mot huvudman
3011,3,90037,fall av olovligt brukande
90038,2,2766,behörighetsmissbruk
3012,3,90038,behörighetsmissbruk
4745,3,90038,fall av handel med inflytande och vårdslös finansiering av mutbrott
90039,2,2766,fall av oredlighet och vårdslöshet mot borgenär
3014,3,90039,oredligheter mot borgenärer
3015,3,90039,fall av vårdslöshet mot borgenärer
3016,3,90039,fall mannamån mot borgenärer
4109,3,90039,fall av försvårande av konkurs eller exekutiv förrättning
90040,2,2766,bokföringsbrott
4783,3,90040,ringa bokföringsbrott vid konkurser
4784,3,90040,bokföringsbrott av normalgraden vid konkurser
4785,3,90040,grova bokföringsbrott vid konkurser
4786,3,90040,ringa bokföringsbrott utanför konkurser
4787,3,90040,bokföringsbrott av normalgraden utanför konkurser
4788,3,90040,grova bokföringsbrott utanför konkurser
90041,2,2766,skadegörelser och klotter
3018,3,90041,skadegörelser på motorfordon
3020,3,90041,andra skadegörelser
3021,3,90041,taganden av olovlig väg
3022,3,90041,"skadegörelser mot stat, kommuner och landsting"
3023,3,90041,datasabotage
4081,3,90041,fall av klotter mot kollektivtrafik
4082,3,90041,övriga klotterfall
90042,2,2766,"mordbränder, förgiftningar och fall av vårdslöshet"
3025,3,90042,Mordbränder och grova mordbränder
3026,3,90042,vållanden av bränder
3027,3,90042,fall av allmänfarlig vårdslöshet
3028,3,90042,"övriga brott mot kapital 13 som allmänfarlig ödeläggelse, sabotage och kapning"
4073,3,90042,"fall av gift- och smitspridning, förgöring, vårdslöshet med gift och smitta"
90043,2,2766,förfalskningsbrott
3031,3,90043,förfalskningsbrott av checker
3032,3,90043,förfalskningsbrott av svenska körkort
3034,3,90043,förfalskningsbrott av tjänste- eller identitetskort
3035,3,90043,förfalskningsbrott av andra legitimationshandlingar
3036,3,90043,övriga urkundsförfalskningar
3037,3,90043,signaturförfalskningar
3038,3,90043,penningförfalskningar
3039,3,90043,övriga brott mot kap. 14
3040,3,90043,förfalskningsbrott av handlingar för illegal invandring som pass och resedokument
90045,2,2766,fall av mened och missbruk av urkund
3041,3,90045,fall av mened och osann partsutsaga
3043,3,90045,urkundsmissbruk av pass och resedokument
4232,3,90045,utfärdande av pass på falska grunder
4538,3,90045,fall av falska och vårdslösa tillvitelser
4539,3,90045,övriga brott mot kapitel 15
90046,2,2766,160 totalt
3045,3,90046,falska larm
3046,3,90046,missbruk av larmordning
3047,3,90046,fall av hets mot folkgrupp
3048,3,90046,fall av olaga diskriminering
3050,3,90046,barnpornografibrott
4110,3,90046,internetrelaterade barnpornografibrott
4750,3,90046,fall av djurplågeri
4751,3,90046,övriga brott mot kapitel 16
90048,2,2766,fall av våld mot tjänstemän och våldsamt motstånd
3051,3,90048,fall av våld mot tjänstemän och poliser som blivit arbetsoförmögen ett dygn eller mindre
3052,3,90048,fall av våld mot tjänstemän och poliser som blivit arbetsoförmögen minst ett dygn
3053,3,90048,fall av våld mot ordningsvakter
3054,3,90048,övriga fall av våld mot tjänstemän
3055,3,90048,hot eller förgripelser mot tjänstemän
3056,3,90048,fall av våldsamt motstånd
4540,3,90048,givanden av mutor
4541,3,90048,övergrepp i rättssak
4542,3,90048,"övriga brott mot 17 kap, otillbörligt verkande vid röstn mm"
2767,1,,20 - 50 totalt
90050,2,2767,"fall av tjänstefel, tagande av muta och brott mot tystnadsplikt"
4543,3,90050,fall av tjänstefel
4544,3,90050,tagande av mutor
4545,3,90050,brott mot tystnadsplikt
90051,2,2767,220 totalt
4693,3,90051,brott mot 22 kap. brb
4836,3,90051,brott mot mänskligheten och krigsförbrytelser
90052,2,2767,fall av vårdslöshet i trafik och rattfyllerier
3060,3,90052,fall av grov vårdslöshet i trafik
3061,3,90052,olovliga körningar
3062,3,90052,brott mot föreskrifter
3063,3,90052,fall av att ha tillåtit olovlig körning
3064,3,90052,rattfyllerier
3065,3,90052,smitningar
3066,3,90052,rattfyllerier under påverkan av narkotika
4084,3,90052,övriga trafikbrott med fängelse i straffskalan
90055,2,2767,sjöfyllerier
4086,3,90055,sjöfyllerier
4088,3,90055,övriga sjötrafikbrott med fängelse i straffskalan
90056,2,2767,fall av olaga vapeninnehav
3073,3,90056,"olaga innehav av pistoler, revolvrar och kulsprutepistoler"
3074,3,90056,olaga innehav av jaktvapen
3075,3,90056,olaga innehav av andra vapen
90057,2,2767,"brott mot vapen-, jakt- och fiskelagen"
3076,3,90057,andra brott mot vapenlagstiftningen
3077,3,90057,brott mot jaktlagen
3078,3,90057,brott mot fiskelagen
3079,3,90057,övriga brott enligt speciallagstiftningen då fängelse ingår i straffskal
3081,3,90057,brott mot arbetsmiljölagen
90058,2,2767,brott mot besöksförbud och fall av illegal flyktinghjälp
3086,3,90058,brott mot lagen om besöksförbud
3088,3,90058,brott mot lagen om förbud beträffande knivar och andra farliga föremål
3089,3,90058,köp av sexuella tjänster
3090,3,90058,fall där personer hjälpt utlänningar att illegalt komma in i Sverige
3091,3,90058,fall där personer hjälpt utlänningar att illegalt komma in i Sverige med vinstsyfte eller i organiserad verksamhet
3092,3,90058,fall där personer gömmer flyktingar och hindrar av- eller utvisningar
4112,3,90058,överträdelser av tillträdesförbud vid idrottsarrangemang
4712,3,90058,hindrande av elektronisk övervakning
90059,2,2767,403 totalt
3093,3,90059,brott mot personuppgiftslagen
4113,3,90059,"fall av illegal rovdjursjakt (varg, björn, järv, lodjur kungsörn)"
90060,2,2767,fall av smuggling och tullbrott
4599,3,90060,fall av smuggling och olovlig införsel och utförsel
4600,3,90060,fall av grov smuggling
4601,3,90060,fall av narkotikasmuggling
4602,3,90060,fall av grov narkotikasmuggling
4603,3,90060,tullbrott och fall av vårdslös tullredovisning
4604,3,90060,grova tullbrott
4605,3,90060,fall av olovlig befattning med smuggelgods
4606,3,90060,fall av grov olovlig befattning med smuggelgods
4649,3,90060,fall av olovlig förflyttning och befattning med punktskattepliktiga varor
90062,2,2767,fall av innehav och framställning av narkotika
3098,3,90062,"brott ang. kontr av narkotika, bedriver verksamhet utan tillst etc."
3101,3,90062,fall av narkotikaframställning
3102,3,90062,fall av narkotikaöverlåtelse
3107,3,90062,fall av narkotikainnehav
3108,3,90062,fall av narkotikabruk
90063,2,2767,brott mot dopingslagen
4746,3,90063,fall av dopningframställning
4747,3,90063,fall av dopningöverlåtelse
4748,3,90063,fall av dopninginnehav
4749,3,90063,fall av dopningbruk
90064,2,2767,skattebrott
3110,3,90064,skattebrott avseende mervärdesskattelagen
3111,3,90064,skattebrott mot övrig skattelagstiftning
3112,3,90064,inlämningar av vårdslösa skatteuppgifter
3113,3,90064,vårdslösa skatteredovisningar
3114,3,90064,försvårande av skattekontroll
3115,3,90064,skatteavdragsbrott
4087,3,90064,grova skattebrott
90065,2,2767,brott mot näringsförbud och insiderbrott
3116,3,90065,brott mot lagen om näringsförbud och överträdelser av näringsförbud
3119,3,90065,brott mot insiderstrafflagen och otillbörliga kurspåverkningar
4236,3,90065,åsidosättande av rapportering vid insiderbrott
4684,3,90065,fall av underlåtenhet att föra/hålla aktiebok tillgänglig
4685,3,90065,brott mot låneförbudet
4686,3,90065,brott mot målvaktsbestämmelser
4687,3,90065,övriga brott mot aktiebolagslagen
90066,2,2767,brott mot alkohol- och tobakslagen
3122,3,90066,fall av olovlig vin- och öltillverkning
3123,3,90066,fall av olovligt anskaffande av alkoholdrycker och olovlig dryckeshantering
3125,3,90066,fall av olovlig befattning med olovligt tillverkad sprit
4719,3,90066,fall av olovlig befattning med sprit genom tillverkning
4720,3,90066,fall av olovlig försäljning av alkohol och olovligt innehav av alkoholdrycker
4721,3,90066,fall av olovlig försäljning av teknisk sprit
4752,3,90066,brott mot tobakslagen
90067,2,2767,bidragsbrott
4237,3,90067,ringa bidragsbrott mot försäkringskassan
4238,3,90067,bidragsbrott mot försäkringskassan av normalgraden
4239,3,90067,grova bidragsbrott mot försäkringskassan
4240,3,90067,vårdslösa bidragsbrott mot försäkringskassan
4241,3,90067,ringa bidragsbrott mot kommunerna
4242,3,90067,bidragsbrott mot kommunerna av normalgraden
4243,3,90067,grova bidragsbrott mot kommunerna
4244,3,90067,vårdslösa bidragsbrott mot kommunerna
4245,3,90067,ringa bidragsbrott mot a-kassorna
4246,3,90067,bidragsbrott mot a-kassorna av normalgraden
4247,3,90067,grova bidragsbrott mot a-kassorna
4248,3,90067,vårdslösa bidragsbrott mot a-kassorna
4249,3,90067,ringa bidragsbrott mot övriga myndigheter
4250,3,90067,bidragsbrott mot övriga myndigheter av normalgraden
4251,3,90067,grova bidragsbrott mot övriga myndigheter
4252,3,90067,vårdslösa bidragsbrott mot övriga myndigheter
4650,3,90067,insiderbrott
4651,3,90067,obehörigt röjande av insiderinformation
90069,2,2767,upphovsrättsbrott
4652,3,90069,fildelningsbrott
4653,3,90069,brott mot upphovsrätten som inte är fildelning
4654,3,90069,brott mot det industriella rättsskyddet med hjälp av internet
4655,3,90069,brott mot det industriella rättsskyddet ej med hjälp av internet
90070,2,2767,penningtvättsbrott
4812,3,90070,penningtvättsbrott
4813,3,90070,grova penningtvättsbrott
4814,3,90070,penningtvättsförseelser
4815,3,90070,fall av näringspenningtvätt
4816,3,90070,fall av grov näringspenningtvätt
4817,3,90070,fall av ringa näringspenningtvätt
2768,1,,80 - 98 totalt
90071,2,2768,brott mot miljöbalken
3127,3,90071,brott mot miljöbalken och grova miljöbrott
3129,3,90071,fall av miljöfarlig kemikaliehantering och olovlig kemikaliehantering
3130,3,90071,fall av otillåten miljöverksamhet genom avsaknad av tillstånd
3131,3,90071,fall av otillåten miljöverksamhet genom villkorsbrott
3132,3,90071,fall av försvårande av miljökontroll
3133,3,90071,fall av bristfällig miljöinformation
3134,3,90071,fall av nedskräpning
90072,2,2768,föroreningsbrott
3140,3,90072,brott mot lagen om åtgärder mot föroreningar från fartyg
4233,3,90072,brott mot områdesskydd och förseelse mot områdesskydd
4234,3,90072,artskyddsbrott
4235,3,90072,övriga brott mot miljöbalken
4682,3,90072,fall av otillåten nationell avfallstransport
4683,3,90072,"fall av otillåten gränsöverskridande (inom, till och från EU) avfallstransport"
90073,2,2768,misshandelsfall mot personer under 18 år
4144,3,90073,misshandelsfall utomhus mot flickor 0-6 år där gärningspersonen varit obekant med offret
4146,3,90073,misshandelsfall utomhus mot flickor 0-6 år där gärningspersonen varit bekant med offret
4147,3,90073,misshandelsfall utomhus mot pojkar 0-6 år där gärningspersonen varit obekant med offret
4148,3,90073,misshandelsfall utomhus mot pojkar 0-6 år där gärningspersonen varit bekant med offret
4149,3,90073,misshandelsfall inomhus mot flickor 0-6 år där gärningspersonen varit obekant med offret
4150,3,90073,misshandelsfall inomhus mot flickor 0-6 år där gärningspersonen varit bekant med offret
4151,3,90073,misshandelsfall inomhus mot pojkar 0-6 år där gärningspersonen varit obekant med offret
4152,3,90073,misshandelsfall inomhus mot pojkar 0-6 år där gärningspersonen varit bekant med offret
4153,3,90073,misshandelsfall utomhus mot flickor 7-14 år där gärningspersonen varit obekant med offret
4154,3,90073,misshandelsfall utomhus mot flickor 7-14 år där gärningspersonen varit bekant med offret
4155,3,90073,misshandelsfall utomhus mot pojkar 7-14 år där gärningspersonen varit obekant med offret
4156,3,90073,misshandelsfall utomhus mot pojkar 7-14 år där gärningspersonen varit bekant med offret
4157,3,90073,misshandelsfall inomhus mot flickor 7-14 år där gärningspersonen varit obekant med offret
4158,3,90073,misshandelsfall inomhus mot flickor 7-14 år där gärningspersonen varit bekant med offret
4159,3,90073,misshandelsfall inomhus mot pojkar 7-14 år där gärningspersonen varit obekant med offret
4160,3,90073,misshandelsfall inomhus mot pojkar 7-14 år där gärningspersonen varit bekant med offret
4161,3,90073,misshandelsfall utomhus mot flickor 15-17 år där gärningspersonen varit obekant med offret
4162,3,90073,misshandelsfall utomhus mot flickor 15-17 år där gärningspersonen varit bekant med offret
4163,3,90073,misshandelsfall utomhus mot pojkar 15-17 år där gärningspersonen varit obekant med offret
4164,3,90073,misshandelsfall utomhus mot pojkar 15-17 år där gärningspersonen varit bekant med offret
4165,3,90073,misshandelsfall inomhus mot flickor 15-17 år där gärningspersonen varit obekant med offret
4166,3,90073,misshandelsfall inomhus mot flickor 15-17 år där gärningspersonen varit bekant med offret
4167,3,90073,misshandelsfall inomhus mot pojkar 15-17 år där gärningspersonen varit obekant med offret
4168,3,90073,misshandelsfall inomhus mot pojkar 15-17 år där gärningspersonen varit bekant med offret
4169,3,90073,grova misshandelsfall utomhus mot flickor 0-6 år där gärningspersonen varit obekant med offret
4170,3,90073,grova misshandelsfall utomhus mot flickor 0-6 år där gärningspersonen varit bekant med offret
4171,3,90073,grova misshandelsfall utomhus mot pojkar 0-6 år där gärningspersonen varit obekant med offret
4172,3,90073,grova misshandelsfall utomhus mot pojkar 0-6 år där gärningspersonen varit bekant med offret
4173,3,90073,grova misshandelsfall inomhus mot flickor 0-6 år där gärningspersonen varit obekant med offret
4174,3,90073,grova misshandelsfall inomhus mot flickor 0-6 år där gärningspersonen varit bekant med offret
4175,3,90073,grova misshandelsfall inomhus mot pojkar 0-6 år där gärningspersonen varit obekant med offret
4176,3,90073,grova misshandelsfall inomhus mot pojkar 0-6 år där gärningspersonen varit bekant med offret
4177,3,90073,grova misshandelsfall utomhus mot flickor 7-14 år där gärningspersonen varit obekant med offret
4178,3,90073,grova misshandelsfall utomhus mot flickor 7-14 år där gärningspersonen varit bekant med offret
4179,3,90073,grova misshandelsfall utomhus mot pojkar 7-14 år där gärningspersonen varit obekant med offret
4180,3,90073,grova misshandelsfall utomhus mot pojkar 7-14 år där gärningspersonen varit bekant med offret
4181,3,90073,grova misshandelsfall inomhus mot flickor 7-14 år där gärningspersonen varit obekant med offret
4182,3,90073,grova misshandelsfall inomhus mot flickor 7-14 år där gärningspersonen varit bekant med offret
4183,3,90073,grova misshandelsfall inomhus mot pojkar 7-14 år där gärningspersonen varit obekant med offret
4184,3,90073,grova misshandelsfall inomhus mot pojkar 7-14 år där gärningspersonen varit bekant med offret
4185,3,90073,grova misshandelsfall utomhus mot flickor 15-17 år där gärningspersonen varit obekant med offret
4186,3,90073,grova misshandelsfall utomhus mot flickor 15-17 år där gärningspersonen varit bekant med offret
4187,3,90073,grova misshandelsfall utomhus mot pojkar 15-17 år där gärningspersonen varit obekant med offret
4188,3,90073,grova misshandelsfall utomhus mot pojkar 15-17 år där gärningspersonen varit bekant med offret
4189,3,90073,grova misshandelsfall inomhus mot flickor 15-17 år där gärningspersonen varit obekant med offret
4190,3,90073,grova misshandelsfall inomhus mot flickor 15-17 år där gärningspersonen varit bekant med offret
4191,3,90073,grova misshandelsfall inomhus mot pojkar 15-17 år där gärningspersonen varit obekant med offret
4192,3,90073,grova misshandelsfall inomhus mot pojkar 15-17 år där gärningspersonen varit bekant med offret
90078,2,2768,misshandelsfall mot personer över 18 år
4525,3,90078,misshandelsfall inomhus mot kvinnor 18 år eller äldre i nära relation med gärningspersonen
4546,3,90078,"misshandelsfall inomhus mot kvinnor 18 år eller äldre där gärningspersonen varit bekant, men ej i nära relation med gärningspersonen"
4547,3,90078,misshandelsfall inomhus mot män 18 år eller äldre i nära relation med gärningspersonen
4548,3,90078,"misshandelsfall inomhus mot män 18 år eller äldre där gärningspersonen varit bekant, men ej i nära relation med gärningspersonen"
4549,3,90078,grova misshandelsfall inomhus mot kvinnor 18 år eller äldre i nära relation med gärningspersonen
4550,3,90078,"grova misshandelsfall inomhus mot kvinnor 18 år eller äldre där gärningspersonen varit bekant, men ej i nära relation med gärningspersonen"
4551,3,90078,grova misshandelsfall inomhus mot män 18 år eller äldre i nära relation med gärningspersonen
4552,3,90078,"grova misshandelsfall inomhus mot män 18 år eller äldre där gärningspersonen varit bekant, men ej i nära relation med gärningspersonen"
90079,2,2768,alt
4822,3,90079,brott mot lagen med förbud mot könsstympning av kvinnor
90080,2,2768,fall av sexuellt ofredande
4793,3,90080,fall av sexuellt ofredande mot flickor under 15 år
4794,3,90080,fall av sexuellt ofredande mot pojkar under 15 år
4795,3,90080,fall av sexuellt ofredande mot flickor 15-17 år
4796,3,90080,fall av sexuellt ofredande mot pojkar 15-17 år
4797,3,90080,fall av sexuellt ofredande mot kvinnor 18 år eller äldre
4798,3,90080,fall av sexuellt ofredande mot män 18 år eller äldre
90081,2,2768,"inbrott i villor, radhus och lägenheter, samt stölder utan inbrott och rån"
3141,3,90081,fullbordade inbrott i villor och radhus
3142,3,90081,fullbordade inbrott i lägenheter
4114,3,90081,"tillgrepp av lastbilar, släp och järnvägsvagnar"
4116,3,90081,"stölder ur lastbilar, släp och järnvägsvagnar"
4222,3,90081,rån mot privatpersoner under 18 år utan skjutvapen utomhus
4223,3,90081,rån mot privatpersoner under 18 år utan skjutvapen inomhus
4224,3,90081,"rån mot privatpersoner under 18 år, med skjutvapen utomhus"
4225,3,90081,"rån mot privatpersoner under 18 år, med skjutvapen inomhus"
4226,3,90081,rån mot privatpersoner 18 år eller äldre utan skjutvapen utomhus
4227,3,90081,rån mot privatpersoner 18 år eller äldre utan skjutvapen inomhus
4228,3,90081,"rån mot privatpersoner 18 år eller äldre, med skjutvapen utomhus"
4229,3,90081,"rån mot privatpersoner 18 år eller äldre, med skjutvapen inomhus"
4645,3,90081,stölder under övriga yrkesmässiga transporter
4646,3,90081,stölder ur och från båtar
4648,3,90081,stölder av båtmotorer
4675,3,90081,fickstölder
4676,3,90081,fickstölder mot funktionsnedsatta
4677,3,90081,väskryckningar
4678,3,90081,väskryckningar mot funktionsnedsatta
3625,1,,alkohol- och narkotikabrott
3622,1,,bilbrott
3634,2,3620,fickstölder
3616,1,,"hot-, kränknings- och frihetsbrott"
3632,2,3620,lägenhets- och villainbrott
3628,2,3614,misshandelsfall
3642,2,3625,narkotikabrott
3627,2,3614,rån
3641,2,3622,skadegörelser på motorfordon
3623,1,,skadegörelsebrott
3633,2,3620,"stölder och snatteri i butik, varuhus."
3631,2,3620,stölder ur och från motorfordon
3640,2,3622,stölder ur och från motorfordon
3629,2,3620,bilstölder
3636,2,3622,bilstölder
3630,2,3620,cykelstölderer
3620,1,,stöldbrott
3638,3,3636,fullbordade bilstölder
3639,3,3636,bilstöldsförsök
3613,1,,brottsanmälningar totalt
3626,1,,vapenbrott
3624,1,,trafikbrott
3614,1,,våldsbrott
3618,1,,vårdslöshet- och vållandebrott
3635,2,3620,övrig stölder
