id,label,label_short,start,end,scb,wikidata,region_level,parent,metro,skl_kommungrupp_2017,skl_kommunhuvudgrupp_2017,brå_id,municipality_federation_fire,desc,neighbours
Ale kommun,Ale kommun,Ale,0,9,1440,Q498470,municipality,Västra Götalands län,Storgöteborg,Pendlingskommun nära storstad,Storstäder och storstadsnära kommuner,8617,Bohus kommunalförbund,,"Kungälvs kommun,Göteborgs kommun,Alingsås kommun,Lerums kommun,Trollhättans kommun,Lilla Edets kommun"
Alingsås kommun,Alingsås kommun,Alingsås,0,9,1489,Q503162,municipality,Västra Götalands län,Storgöteborg,Pendlingskommun nära storstad,Storstäder och storstadsnära kommuner,8618,Alingsås och Vårgårda kommunalförbund,,"Bollebygds kommun,Lerums kommun,Trollhättans kommun,Ale kommun,Vårgårda kommun,Essunga kommun"
Älmhults kommun,Älmhults kommun,Älmhult,0,9,765,Q254799,municipality,Kronobergs län,,Pendlingskommun nära mindre stad eller tätort,Mindre städer tätorter och landsbygdskommuner,8428,,,"Hässleholms kommun,Olofströms kommun,Osby kommun,Tingsryds kommun,Alvesta kommun,Ljungby kommun,Markaryds kommun"
Älvdalens kommun,Älvdalens kommun,Älvdalen,0,9,2039,Q123855,municipality,Dalarnas län,,Landsbygdskommun med besöksnäring,Mindre städer tätorter och landsbygdskommuner,8363,Norra Dalarnas kommunalförbund,,"Härjedalens kommun,Mora kommun,Malung-Sälens kommun"
Alvesta kommun,Alvesta kommun,Alvesta,0,9,764,Q182007,municipality,Kronobergs län,,Pendlingskommun nära större stad,Större städer och kommuner nära större stad,8421,Värends kommunalförbund,,"Tingsryds kommun,Växjö kommun,Ljungby kommun,Älmhults kommun,Sävsjö kommun,Värnamo kommun"
Älvkarleby kommun,Älvkarleby kommun,Älvkarleby,0,9,319,Q59858,municipality,Uppsala län,,Pendlingskommun nära större stad,Större städer och kommuner nära större stad,8561,Gästrike kommunalförbund,,"Tierps kommun,Gävle kommun"
Älvsbyns kommun,Älvsbyns kommun,Älvsbyn,0,9,2560,Q255025,municipality,Norrbottens län,,Lågpendlingskommun nära större stad,Större städer och kommuner nära större stad,8438,,,"Arvidsjaurs kommun,Piteå kommun,Luleå kommun,Bodens kommun,Jokkmokks kommun"
Åmåls kommun,Åmåls kommun,Åmål,0,9,1492,Q271079,municipality,Västra Götalands län,,Landsbygdskommun,Mindre städer tätorter och landsbygdskommuner,8695,,,"Säffle kommun,Bengtsfors kommun,Melleruds kommun,Årjängs kommun"
Aneby kommun,Aneby kommun,Aneby,0,9,604,Q503167,municipality,Jönköpings län,,Pendlingskommun nära större stad,Större städer och kommuner nära större stad,8394,,,"Eksjö kommun,Ydre kommun,Tranås kommun,Nässjö kommun,Jönköpings kommun"
Ånge kommun,Ånge kommun,Ånge,0,9,2260,Q271107,municipality,Västernorrlands län,,Landsbygdskommun,Mindre städer tätorter och landsbygdskommuner,8602,Medelpads kommunalförbund,,"Bergs kommun,Härjedalens kommun,Ljusdals kommun,Nordanstigs kommun,Hudiksvalls kommun,Bräcke kommun,Sundsvalls kommun"
Ängelholms kommun,Ängelholms kommun,Ängelholm,0,9,1292,Q255206,municipality,Skåne län,,Pendlingskommun nära större stad,Större städer och kommuner nära större stad,8491,Nordvästra Skånes kommunalförbund,,"Helsingborgs kommun,Laholms kommun,Örkelljunga kommun,Klippans kommun,Åstorps kommun,Båstads kommun"
Arboga kommun,Arboga kommun,Arboga,0,9,1984,Q431271,municipality,Västmanlands län,,Pendlingskommun nära mindre stad eller tätort,Mindre städer tätorter och landsbygdskommuner,8605,Västra Mälardalens kommunalförbund,,"Kungsörs kommun,Eskilstuna kommun,Lindesbergs kommun,Örebro kommun,Köpings kommun"
Åre kommun,Åre kommun,Åre,0,9,2321,Q271153,municipality,Jämtlands län,,Landsbygdskommun med besöksnäring,Mindre städer tätorter och landsbygdskommuner,8391,,,"Bergs kommun,Krokoms kommun"
Årjängs kommun,Årjängs kommun,Årjäng,0,9,1765,Q2777887,municipality,Värmlands län,,Landsbygdskommun,Mindre städer tätorter och landsbygdskommuner,8579,,,"Säffle kommun,Åmåls kommun,Bengtsfors kommun,Dals-Eds kommun,Arvika kommun,Eda kommun"
Arjeplogs kommun,Arjeplogs kommun,Arjeplog,0,9,2506,Q493855,municipality,Norrbottens län,,Landsbygdskommun med besöksnäring,Mindre städer tätorter och landsbygdskommuner,8431,,,"Arvidsjaurs kommun,Sorsele kommun,Jokkmokks kommun"
Arvidsjaurs kommun,Arvidsjaurs kommun,Arvidsjaur,0,9,2505,Q499404,municipality,Norrbottens län,,Landsbygdskommun,Mindre städer tätorter och landsbygdskommuner,8430,,,"Norsjö kommun,Malå kommun,Sorsele kommun,Piteå kommun,Skellefteå kommun,Älvsbyns kommun,Jokkmokks kommun,Arjeplogs kommun"
Arvika kommun,Arvika kommun,Arvika,0,9,1784,Q511365,municipality,Värmlands län,,Landsbygdskommun,Mindre städer tätorter och landsbygdskommuner,8564,,,"Säffle kommun,Sunne kommun,Årjängs kommun,Torsby kommun,Eda kommun,Kils kommun,Grums kommun"
Åsele kommun,Åsele kommun,Åsele,0,9,2463,Q271274,municipality,Västerbottens län,,Landsbygdskommun,Mindre städer tätorter och landsbygdskommuner,8595,,,"Bjurholms kommun,Lycksele kommun,Örnsköldsviks kommun,Vilhelmina kommun,Dorotea kommun,Sollefteå kommun"
Askersunds kommun,Askersunds kommun,Askersund,0,9,1882,Q509501,municipality,Örebro län,,Lågpendlingskommun nära större stad,Större städer och kommuner nära större stad,8698,Nerikes kommunalförbund,,"Motala kommun,Karlsborgs kommun,Laxå kommun,Hallsbergs kommun"
Åstorps kommun,Åstorps kommun,Åstorp,0,9,1277,Q201813,municipality,Skåne län,,Pendlingskommun nära större stad,Större städer och kommuner nära större stad,8490,Söderåsens kommunalförbund,,"Helsingborgs kommun,Bjuvs kommun,Svalövs kommun,Klippans kommun,Ängelholms kommun"
Åtvidabergs kommun,Åtvidabergs kommun,Åtvidaberg,0,9,561,Q271340,municipality,Östergötlands län,,Pendlingskommun nära större stad,Större städer och kommuner nära större stad,8722,Östra Götalands kommunalförbund,,"Västerviks kommun,Valdemarsviks kommun,Söderköpings kommun,Linköpings kommun,Kinda kommun"
Avesta kommun,Avesta kommun,Avesta,0,9,2084,Q500071,municipality,Dalarnas län,,Mindre stad eller tätort,Mindre städer tätorter och landsbygdskommuner,8349,Södra Dalarnas kommunalförbund,,"Heby kommun,Norbergs kommun,Sala kommun,Hofors kommun,Sandvikens kommun,Hedemora kommun"
Båstads kommun,Båstads kommun,Båstad,0,9,1278,Q499464,municipality,Skåne län,,Landsbygdskommun med besöksnäring,Mindre städer tätorter och landsbygdskommuner,8448,,,"Laholms kommun,Ängelholms kommun"
Bengtsfors kommun,Bengtsfors kommun,Bengtsfors,0,9,1460,Q267462,municipality,Västra Götalands län,,Landsbygdskommun,Mindre städer tätorter och landsbygdskommuner,8619,,,"Säffle kommun,Åmåls kommun,Dals-Eds kommun,Melleruds kommun,Färgelanda kommun,Årjängs kommun"
Bergs kommun,Bergs kommun,Berg,0,9,2326,Q845930,municipality,Jämtlands län,,Lågpendlingskommun nära större stad,Större städer och kommuner nära större stad,8385,Jämtland kommunalförbund,,"Härjedalens kommun,Åre kommun,Östersunds kommun,Ånge kommun,Bräcke kommun"
Bjurholms kommun,Bjurholms kommun,Bjurholm,0,9,2403,Q376003,municipality,Västerbottens län,,Pendlingskommun nära större stad,Större städer och kommuner nära större stad,8581,,,"Vindelns kommun,Nordmalings kommun,Lycksele kommun,Örnsköldsviks kommun,Åsele kommun,Vännäs kommun"
Bjuvs kommun,Bjuvs kommun,Bjuv,0,9,1260,Q511310,municipality,Skåne län,,Pendlingskommun nära större stad,Större städer och kommuner nära större stad,8445,Nordvästra Skånes kommunalförbund,,"Helsingborgs kommun,Svalövs kommun,Åstorps kommun"
Bodens kommun,Bodens kommun,Boden,0,9,2582,Q509476,municipality,Norrbottens län,,Lågpendlingskommun nära större stad,Större städer och kommuner nära större stad,8441,,,"Piteå kommun,Luleå kommun,Älvsbyns kommun,Gällivare kommun,Jokkmokks kommun,Överkalix kommun"
Bollebygds kommun,Bollebygds kommun,Bollebygd,1995-01-01,9,1443,Q503102,municipality,Västra Götalands län,,Pendlingskommun nära storstad,Storstäder och storstadsnära kommuner,8620,Södra Älvsborgs kommunalförbund,,"Borås kommun,Marks kommun,Härryda kommun,Alingsås kommun,Lerums kommun,Vårgårda kommun"
Bollnäs kommun,Bollnäs kommun,Bollnäs,0,9,2183,Q62469,municipality,Gävleborgs län,,Landsbygdskommun,Mindre städer tätorter och landsbygdskommuner,8367,Södra Hälsinglands kommunalförbund,,"Ockelbo kommun,Ljusdals kommun,Ovanåkers kommun,Falu kommun,Hudiksvalls kommun,Söderhamns kommun"
Borås kommun,Borås kommun,Borås,0,9,1490,Q894327,municipality,Västra Götalands län,,Större stad,Större städer och kommuner nära större stad,8621,Södra Älvsborgs kommunalförbund,,"Svenljunga kommun,Marks kommun,Bollebygds kommun,Herrljunga kommun,Vårgårda kommun,Ulricehamns kommun,Tranemo kommun"
Borgholms kommun,Borgholms kommun,Borgholm,0,9,885,Q509546,municipality,Kalmar län,,Landsbygdskommun med besöksnäring,Mindre städer tätorter och landsbygdskommuner,8408,Ölands kommunalförbund,,Mörbylånga kommun
Borlänge kommun,Borlänge kommun,Borlänge,0,9,2081,Q503209,municipality,Dalarnas län,,Större stad,Större städer och kommuner nära större stad,8350,Kommunalförbundet DalaMitt,,"Ludvika kommun,Leksands kommun,Gagnefs kommun,Falu kommun,Säters kommun"
Botkyrka kommun,Botkyrka kommun,Botkyrka,0,9,127,Q113718,municipality,Stockholms län,Storstockholm,Pendlingskommun nära storstad,Storstäder och storstadsnära kommuner,8495,Södertörns kommunalförbund,,"Södertälje kommun,Nynäshamns kommun,Salems kommun,Ekerö kommun,Huddinge kommun,Haninge kommun"
Boxholms kommun,Boxholms kommun,Boxholm,0,9,560,Q509514,municipality,Östergötlands län,,Pendlingskommun nära mindre stad eller tätort,Mindre städer tätorter och landsbygdskommuner,8711,,,"Mjölby kommun,Linköpings kommun,Kinda kommun,Ydre kommun,Tranås kommun,Ödeshögs kommun"
Bräcke kommun,Bräcke kommun,Bräcke,0,9,2305,Q504261,municipality,Jämtlands län,,Lågpendlingskommun nära större stad,Större städer och kommuner nära större stad,8386,Jämtland kommunalförbund,,"Bergs kommun,Östersunds kommun,Ånge kommun,Sundsvalls kommun,Ragunda kommun"
Bromölla kommun,Bromölla kommun,Bromölla,0,9,1272,Q514830,municipality,Skåne län,,Pendlingskommun nära mindre stad eller tätort,Mindre städer tätorter och landsbygdskommuner,8446,,,"Kristianstads kommun,Olofströms kommun,Sölvesborgs kommun"
Burlövs kommun,Burlövs kommun,Burlöv,0,9,1231,Q186662,municipality,Skåne län,Stormalmö,Pendlingskommun nära storstad,Storstäder och storstadsnära kommuner,8447,Kommunalförbundet Syd,,"Lomma kommun,Staffanstorps kommun,Malmö kommun,Svedala kommun"
Dals-Eds kommun,Dals-Eds kommun,Dals-Ed,0,9,1438,Q503132,municipality,Västra Götalands län,,Landsbygdskommun,Mindre städer tätorter och landsbygdskommuner,8622,,,"Munkedals kommun,Tanums kommun,Bengtsfors kommun,Färgelanda kommun,Årjängs kommun"
Danderyds kommun,Danderyds kommun,Danderyd,0,9,162,Q113679,municipality,Stockholms län,Storstockholm,Pendlingskommun nära storstad,Storstäder och storstadsnära kommuner,8496,Storstockholms kommunalförbund,,"Sollentuna kommun,Lidingö kommun,Stockholms kommun,Täby kommun,Solna kommun"
Degerfors kommun,Degerfors kommun,Degerfors,0,9,1862,Q509469,municipality,Örebro län,,Pendlingskommun nära mindre stad eller tätort,Mindre städer tätorter och landsbygdskommuner,8699,Bergslagens kommunalförbund,,"Lekebergs kommun,Storfors kommun,Kristinehamns kommun,Gullspångs kommun,Laxå kommun,Karlskoga kommun"
Dorotea kommun,Dorotea kommun,Dorotea,0,9,2425,Q132334,municipality,Västerbottens län,,Landsbygdskommun,Mindre städer tätorter och landsbygdskommuner,8582,,,"Vilhelmina kommun,Åsele kommun,Strömsunds kommun,Sollefteå kommun"
Eda kommun,Eda kommun,Eda,0,9,1730,Q498447,municipality,Värmlands län,,Landsbygdskommun med besöksnäring,Mindre städer tätorter och landsbygdskommuner,8565,,,"Arvika kommun,Årjängs kommun"
Ekerö kommun,Ekerö kommun,Ekerö,0,9,125,Q492614,municipality,Stockholms län,Storstockholm,Pendlingskommun nära storstad,Storstäder och storstadsnära kommuner,8497,Södertörns kommunalförbund,,"Botkyrka kommun,Salems kommun,Upplands-Bro kommun,Stockholms kommun"
Eksjö kommun,Eksjö kommun,Eksjö,0,9,686,Q512035,municipality,Jönköpings län,,Pendlingskommun nära mindre stad eller tätort,Mindre städer tätorter och landsbygdskommuner,8395,,,"Vetlanda kommun,Hultsfreds kommun,Vimmerby kommun,Ydre kommun,Aneby kommun,Nässjö kommun"
Emmaboda kommun,Emmaboda kommun,Emmaboda,0,9,862,Q509452,municipality,Kalmar län,,Pendlingskommun nära mindre stad eller tätort,Mindre städer tätorter och landsbygdskommuner,8409,Emmaboda-Torsås kommunalförbund,,"Ronneby kommun,Lessebo kommun,Tingsryds kommun,Karlskrona kommun,Nybro kommun,Kalmar kommun,Torsås kommun"
Enköpings kommun,Enköpings kommun,Enköping,0,9,381,Q509568,municipality,Uppsala län,,Lågpendlingskommun nära större stad,Större städer och kommuner nära större stad,8555,Enköping-Håbos kommunalförbund,,"Heby kommun,Håbo kommun,Uppsala kommun,Sala kommun,Västerås kommun"
Eskilstuna kommun,Eskilstuna kommun,Eskilstuna,0,9,484,Q503144,municipality,Södermanlands län,,Större stad,Större städer och kommuner nära större stad,8545,,,"Strängnäs kommun,Kungsörs kommun,Flens kommun,Katrineholms kommun,Arboga kommun"
Eslövs kommun,Eslövs kommun,Eslöv,0,9,1285,Q1130264,municipality,Skåne län,Stormalmö,Pendlingskommun nära större stad,Större städer och kommuner nära större stad,8449,Kommunalförbundet Syd,,"Kävlinge kommun,Lunds kommun,Höörs kommun,Hörby kommun,Sjöbo kommun,Svalövs kommun,Klippans kommun"
Essunga kommun,Essunga kommun,Essunga,0,9,1445,Q503127,municipality,Västra Götalands län,,Pendlingskommun nära mindre stad eller tätort,Mindre städer tätorter och landsbygdskommuner,8623,Västra Skaraborgs kommunalförbund,,"Alingsås kommun,Trollhättans kommun,Vara kommun,Herrljunga kommun,Vårgårda kommun,Grästorps kommun"
Fagersta kommun,Fagersta kommun,Fagersta,0,9,1982,Q47018,municipality,Västmanlands län,,Pendlingskommun nära mindre stad eller tätort,Mindre städer tätorter och landsbygdskommuner,8606,Södra Dalarnas kommunalförbund,,"Smedjebackens kommun,Norbergs kommun,Skinnskattebergs kommun,Sala kommun,Surahammars kommun"
Falkenbergs kommun,Falkenbergs kommun,Falkenberg,0,9,1382,Q508168,municipality,Hallands län,,Mindre stad eller tätort,Mindre städer tätorter och landsbygdskommuner,8378,Kommunalförbundet Väst,,"Svenljunga kommun,Marks kommun,Varbergs kommun,Hylte kommun,Halmstads kommun,Gislaveds kommun"
Falköpings kommun,Falköpings kommun,Falköping,0,9,1499,Q503214,municipality,Västra Götalands län,,Mindre stad eller tätort,Mindre städer tätorter och landsbygdskommuner,8624,Mellersta Skaraborgs kommunalförbund,,"Skara kommun,Vara kommun,Herrljunga kommun,Ulricehamns kommun,Skövde kommun,Tidaholms kommun,Mullsjö kommun"
Falu kommun,Falu kommun,Falun,0,9,2080,Q501545,municipality,Dalarnas län,,Mindre stad eller tätort,Mindre städer tätorter och landsbygdskommuner,8351,Kommunalförbundet DalaMitt,,"Rättviks kommun,Leksands kommun,Gagnefs kommun,Ockelbo kommun,Hofors kommun,Sandvikens kommun,Ovanåkers kommun,Borlänge kommun,Säters kommun,Hedemora kommun,Bollnäs kommun"
Färgelanda kommun,Färgelanda kommun,Färgelanda,0,9,1439,Q499441,municipality,Västra Götalands län,,Pendlingskommun nära större stad,Större städer och kommuner nära större stad,8625,Norra Älvsborgs kommunalförbund,,"Munkedals kommun,Uddevalla kommun,Bengtsfors kommun,Dals-Eds kommun,Melleruds kommun,Vänersborgs kommun"
Filipstads kommun,Filipstads kommun,Filipstad,0,9,1782,Q503204,municipality,Värmlands län,,Landsbygdskommun,Mindre städer tätorter och landsbygdskommuner,8566,Bergslagens kommunalförbund,,"Karlstads kommun,Storfors kommun,Ludvika kommun,Hällefors kommun,Malung-Sälens kommun,Vansbro kommun,Hagfors kommun"
Finspångs kommun,Finspångs kommun,Finspång,0,9,562,Q503180,municipality,Östergötlands län,,Lågpendlingskommun nära större stad,Större städer och kommuner nära större stad,8712,,,"Norrköpings kommun,Vingåkers kommun,Motala kommun,Linköpings kommun,Katrineholms kommun,Örebro kommun,Hallsbergs kommun"
Flens kommun,Flens kommun,Flen,0,9,482,Q27982,municipality,Södermanlands län,,Lågpendlingskommun nära större stad,Större städer och kommuner nära större stad,8546,,,"Strängnäs kommun,Eskilstuna kommun,Katrineholms kommun,Gnesta kommun,Nyköpings kommun"
Forshaga kommun,Forshaga kommun,Forshaga,0,9,1763,Q499385,municipality,Värmlands län,,Pendlingskommun nära större stad,Större städer och kommuner nära större stad,8567,Karlstadsregionens kommunalförbund,,"Sunne kommun,Munkfors kommun,Kils kommun,Karlstads kommun,Hagfors kommun"
Gagnefs kommun,Gagnefs kommun,Gagnef,0,9,2026,Q2642771,municipality,Dalarnas län,,Pendlingskommun nära större stad,Större städer och kommuner nära större stad,8352,Kommunalförbundet DalaMitt,,"Ludvika kommun,Leksands kommun,Vansbro kommun,Falu kommun,Borlänge kommun"
Gällivare kommun,Gällivare kommun,Gällivare,0,9,2523,Q493815,municipality,Norrbottens län,,Landsbygdskommun,Mindre städer tätorter och landsbygdskommuner,8437,,,"Kiruna kommun,Bodens kommun,Jokkmokks kommun,Överkalix kommun,Pajala kommun"
Gävle kommun,Gävle kommun,Gävle,0,9,2180,Q510010,municipality,Gävleborgs län,,Större stad,Större städer och kommuner nära större stad,8368,Gästrike kommunalförbund,,"Heby kommun,Älvkarleby kommun,Tierps kommun,Ockelbo kommun,Sandvikens kommun,Söderhamns kommun"
Gislaveds kommun,Gislaveds kommun,Gislaved,0,9,662,Q505259,municipality,Jönköpings län,,Landsbygdskommun,Mindre städer tätorter och landsbygdskommuner,8396,Gislaved-Gnosjö kommunalförbund,,"Svenljunga kommun,Falkenbergs kommun,Hylte kommun,Ljungby kommun,Tranemo kommun,Vaggeryds kommun,Värnamo kommun,Gnosjö kommun,Jönköpings kommun"
Gnesta kommun,Gnesta kommun,Gnesta,0,9,461,Q239332,municipality,Södermanlands län,,Pendlingskommun nära större stad,Större städer och kommuner nära större stad,8547,,,"Strängnäs kommun,Trosa kommun,Södertälje kommun,Nykvarns kommun,Flens kommun,Nyköpings kommun"
Gnosjö kommun,Gnosjö kommun,Gnosjö,0,9,617,Q509609,municipality,Jönköpings län,,Pendlingskommun nära mindre stad eller tätort,Mindre städer tätorter och landsbygdskommuner,8397,Gislaved-Gnosjö kommunalförbund,,"Vaggeryds kommun,Värnamo kommun,Gislaveds kommun"
Göteborgs kommun,Göteborgs kommun,Göteborg,0,9,1480,Q52502,municipality,Västra Götalands län,Storgöteborg,Storstäder,Storstäder och storstadsnära kommuner,8628,Storgöteborgs kommunalförbund,,"Kungälvs kommun,Mölndals kommun,Partille kommun,Öckerö kommun,Härryda kommun,Kungsbacka kommun,Lerums kommun,Ale kommun"
Götene kommun,Götene kommun,Götene,0,9,1471,Q511281,municipality,Västra Götalands län,,Pendlingskommun nära mindre stad eller tätort,Mindre städer tätorter och landsbygdskommuner,8660,Mellersta Skaraborgs kommunalförbund,,"Skara kommun,Mariestads kommun,Lidköpings kommun,Skövde kommun"
Gotlands kommun,Region Gotland,Gotland,0,9,980,Q374794,municipality,Gotlands län,,Mindre stad eller tätort,Mindre städer tätorter och landsbygdskommuner,8365,,,
Grästorps kommun,Grästorps kommun,Grästorp,0,9,1444,Q503148,municipality,Västra Götalands län,,Pendlingskommun nära större stad,Större städer och kommuner nära större stad,8626,Västra Skaraborgs kommunalförbund,,"Vänersborgs kommun,Trollhättans kommun,Vara kommun,Essunga kommun,Lidköpings kommun"
Grums kommun,Grums kommun,Grums,0,9,1764,Q503122,municipality,Värmlands län,,Pendlingskommun nära större stad,Större städer och kommuner nära större stad,8568,Karlstadsregionens kommunalförbund,,"Säffle kommun,Arvika kommun,Kils kommun,Karlstads kommun"
Gullspångs kommun,Gullspångs kommun,Gullspång,0,9,1447,Q503193,municipality,Västra Götalands län,,Pendlingskommun nära mindre stad eller tätort,Mindre städer tätorter och landsbygdskommuner,8627,Östra Skaraborgs kommunalförbund,,"Mariestads kommun,Töreboda kommun,Kristinehamns kommun,Laxå kommun,Degerfors kommun"
Habo kommun,Habo kommun,Habo,0,9,643,Q503198,municipality,Jönköpings län,,Pendlingskommun nära större stad,Större städer och kommuner nära större stad,8398,,,"Hjo kommun,Tidaholms kommun,Mullsjö kommun,Jönköpings kommun"
Håbo kommun,Håbo kommun,Håbo,0,9,305,Q511253,municipality,Uppsala län,,Pendlingskommun nära storstad,Storstäder och storstadsnära kommuner,8557,Enköping-Håbos kommunalförbund,,"Upplands-Bro kommun,Knivsta kommun,Sigtuna kommun,Uppsala kommun,Enköpings kommun"
Hagfors kommun,Hagfors kommun,Hagfors,0,9,1783,Q511407,municipality,Värmlands län,,Landsbygdskommun,Mindre städer tätorter och landsbygdskommuner,8569,,,"Sunne kommun,Forshaga kommun,Munkfors kommun,Torsby kommun,Karlstads kommun,Malung-Sälens kommun,Filipstads kommun"
Hällefors kommun,Hällefors kommun,Hällefors,0,9,1863,Q220881,municipality,Örebro län,,Landsbygdskommun,Mindre städer tätorter och landsbygdskommuner,8701,Bergslagens kommunalförbund,,"Storfors kommun,Ludvika kommun,Karlskoga kommun,Nora kommun,Filipstads kommun,Lindesbergs kommun,Ljusnarsbergs kommun"
Hallsbergs kommun,Hallsbergs kommun,Hallsberg,0,9,1861,Q508180,municipality,Örebro län,,Pendlingskommun nära större stad,Större städer och kommuner nära större stad,8700,Nerikes kommunalförbund,,"Finspångs kommun,Motala kommun,Lekebergs kommun,Laxå kommun,Kumla kommun,Örebro kommun,Askersunds kommun"
Hallstahammars kommun,Hallstahammars kommun,Hallstahammar,0,9,1961,Q47019,municipality,Västmanlands län,,Pendlingskommun nära större stad,Större städer och kommuner nära större stad,8607,Mälardalens kommunalförbund,,"Köpings kommun,Surahammars kommun,Västerås kommun"
Halmstads kommun,Halmstads kommun,Halmstad,0,9,1380,Q504692,municipality,Hallands län,,Större stad,Större städer och kommuner nära större stad,8379,,,"Laholms kommun,Falkenbergs kommun,Hylte kommun,Ljungby kommun"
Hammarö kommun,Hammarö kommun,Hammarö,0,9,1761,Q499359,municipality,Värmlands län,,Pendlingskommun nära större stad,Större städer och kommuner nära större stad,8570,Karlstadsregionens kommunalförbund,,Karlstads kommun
Haninge kommun,Haninge kommun,Haninge,0,9,136,Q113692,municipality,Stockholms län,Storstockholm,Pendlingskommun nära storstad,Storstäder och storstadsnära kommuner,8498,Södertörns kommunalförbund,,"Nynäshamns kommun,Botkyrka kommun,Tyresö kommun,Huddinge kommun"
Haparanda kommun,Haparanda kommun,Haparanda,0,9,2583,Q510310,municipality,Norrbottens län,,Landsbygdskommun,Mindre städer tätorter och landsbygdskommuner,8442,,,"Övertorneå kommun,Kalix kommun"
Härjedalens kommun,Härjedalens kommun,Härjedalen,0,9,2361,Q513421,municipality,Jämtlands län,,Landsbygdskommun med besöksnäring,Mindre städer tätorter och landsbygdskommuner,8387,Jämtland kommunalförbund,,"Orsa kommun,Bergs kommun,Älvdalens kommun,Mora kommun,Ånge kommun,Ljusdals kommun"
Härnösands kommun,Härnösands kommun,Härnösand,0,9,2280,Q209634,municipality,Västernorrlands län,,Mindre stad eller tätort,Mindre städer tätorter och landsbygdskommuner,8597,Kommunalförbundet Höga Kusten och Ådalen,,"Timrå kommun,Sundsvalls kommun,Kramfors kommun,Sollefteå kommun"
Härryda kommun,Härryda kommun,Härryda,0,9,1401,Q500125,municipality,Västra Götalands län,Storgöteborg,Pendlingskommun nära storstad,Storstäder och storstadsnära kommuner,8663,Storgöteborgs kommunalförbund,,"Mölndals kommun,Göteborgs kommun,Partille kommun,Marks kommun,Bollebygds kommun,Kungsbacka kommun,Lerums kommun"
Hässleholms kommun,Hässleholms kommun,Hässleholm,0,9,1293,Q508125,municipality,Skåne län,,Mindre stad eller tätort,Mindre städer tätorter och landsbygdskommuner,8451,,,"Kristianstads kommun,Höörs kommun,Hörby kommun,Perstorps kommun,Örkelljunga kommun,Klippans kommun,Östra Göinge kommun,Osby kommun,Älmhults kommun,Markaryds kommun"
Heby kommun,Heby kommun,Heby,2007-01-01,9,331,Q516308,municipality,Uppsala län,,Pendlingskommun nära större stad,Större städer och kommuner nära större stad,8556,,Heby kommun after they switched county in 2007,"Tierps kommun,Uppsala kommun,Enköpings kommun,Sala kommun,Gävle kommun,Sandvikens kommun,Avesta kommun"
Heby kommun före 2007,Heby kommun före 2007,Heby före 2007,0,2006-12-31,1917,Q516308,municipality,Västmanlands län,,,,,,Heby kommun before they switched county,"Tierps kommun,Uppsala kommun,Enköpings kommun,Sala kommun,Gävle kommun,Sandvikens kommun,Avesta kommun"
Hedemora kommun,Hedemora kommun,Hedemora,0,9,2083,Q507684,municipality,Dalarnas län,,Pendlingskommun nära mindre stad eller tätort,Mindre städer tätorter och landsbygdskommuner,8353,Södra Dalarnas kommunalförbund,,"Smedjebackens kommun,Norbergs kommun,Hofors kommun,Avesta kommun,Falu kommun,Säters kommun"
Helsingborgs kommun,Helsingborgs kommun,Helsingborg,0,9,1283,Q487648,municipality,Skåne län,,Större stad,Större städer och kommuner nära större stad,8450,Nordvästra Skånes kommunalförbund,,"Bjuvs kommun,Svalövs kommun,Landskrona kommun,Åstorps kommun,Ängelholms kommun,Höganäs kommun"
Herrljunga kommun,Herrljunga kommun,Herrljunga,0,9,1466,Q503111,municipality,Västra Götalands län,,Lågpendlingskommun nära större stad,Större städer och kommuner nära större stad,8661,,,"Borås kommun,Vara kommun,Vårgårda kommun,Essunga kommun,Ulricehamns kommun,Falköpings kommun"
Hjo kommun,Hjo kommun,Hjo,0,9,1497,Q428749,municipality,Västra Götalands län,,Pendlingskommun nära mindre stad eller tätort,Mindre städer tätorter och landsbygdskommuner,8662,Östra Skaraborgs kommunalförbund,,"Karlsborgs kommun,Tibro kommun,Skövde kommun,Tidaholms kommun,Habo kommun"
Hofors kommun,Hofors kommun,Hofors,0,9,2104,Q62464,municipality,Gävleborgs län,,Lågpendlingskommun nära större stad,Större städer och kommuner nära större stad,8369,Gästrike kommunalförbund,,"Sandvikens kommun,Avesta kommun,Falu kommun,Säters kommun,Hedemora kommun"
Höganäs kommun,Höganäs kommun,Höganäs,0,9,1284,Q505013,municipality,Skåne län,,Pendlingskommun nära större stad,Större städer och kommuner nära större stad,8452,,,Helsingborgs kommun
Högsby kommun,Högsby kommun,Högsby,0,9,821,Q510233,municipality,Kalmar län,,Pendlingskommun nära mindre stad eller tätort,Mindre städer tätorter och landsbygdskommuner,8411,,,"Uppvidinge kommun,Vetlanda kommun,Oskarshamns kommun,Nybro kommun,Mönsterås kommun,Hultsfreds kommun"
Höörs kommun,Höörs kommun,Höör,0,9,1267,Q266401,municipality,Skåne län,Stormalmö,Pendlingskommun nära större stad,Större städer och kommuner nära större stad,8454,Kommunalförbundet Skånemitt,,"Eslövs kommun,Hässleholms kommun,Hörby kommun,Klippans kommun"
Hörby kommun,Hörby kommun,Hörby,0,9,1266,Q504619,municipality,Skåne län,,Pendlingskommun nära större stad,Större städer och kommuner nära större stad,8453,Kommunalförbundet Skånemitt,,"Eslövs kommun,Hässleholms kommun,Kristianstads kommun,Tomelilla kommun,Höörs kommun,Sjöbo kommun"
Huddinge kommun,Huddinge kommun,Huddinge,0,9,126,Q492575,municipality,Stockholms län,Storstockholm,Pendlingskommun nära storstad,Storstäder och storstadsnära kommuner,8499,Södertörns kommunalförbund,,"Botkyrka kommun,Nacka kommun,Stockholms kommun,Tyresö kommun,Haninge kommun"
Hudiksvalls kommun,Hudiksvalls kommun,Hudiksvall,0,9,2184,Q29963,municipality,Gävleborgs län,,Mindre stad eller tätort,Mindre städer tätorter och landsbygdskommuner,8370,Norrhälsinge kommunalförbund,,"Ånge kommun,Ljusdals kommun,Nordanstigs kommun,Söderhamns kommun,Bollnäs kommun"
Hultsfreds kommun,Hultsfreds kommun,Hultsfred,0,9,860,Q512002,municipality,Kalmar län,,Pendlingskommun nära mindre stad eller tätort,Mindre städer tätorter och landsbygdskommuner,8410,,,"Uppvidinge kommun,Eksjö kommun,Vetlanda kommun,Oskarshamns kommun,Högsby kommun,Vimmerby kommun"
Hylte kommun,Hylte kommun,Hylte,0,9,1315,Q498477,municipality,Hallands län,,Lågpendlingskommun nära större stad,Större städer och kommuner nära större stad,8380,,,"Falkenbergs kommun,Halmstads kommun,Ljungby kommun,Gislaveds kommun"
Järfälla kommun,Järfälla kommun,Järfälla,0,9,123,Q301259,municipality,Stockholms län,Storstockholm,Pendlingskommun nära storstad,Storstäder och storstadsnära kommuner,8500,Attunda kommunalförbund,,"Upplands Väsby kommun,Upplands-Bro kommun,Sollentuna kommun,Stockholms kommun"
Jokkmokks kommun,Jokkmokks kommun,Jokkmokk,0,9,2510,Q512048,municipality,Norrbottens län,,Landsbygdskommun,Mindre städer tätorter och landsbygdskommuner,8432,,,"Arvidsjaurs kommun,Bodens kommun,Älvsbyns kommun,Gällivare kommun,Arjeplogs kommun"
Jönköpings kommun,Jönköpings kommun,Jönköping,0,9,680,Q504689,municipality,Jönköpings län,,Större stad,Större städer och kommuner nära större stad,8399,,,"Tranås kommun,Ödeshögs kommun,Aneby kommun,Ulricehamns kommun,Tranemo kommun,Nässjö kommun,Vaggeryds kommun,Gislaveds kommun,Mullsjö kommun,Habo kommun"
Kalix kommun,Kalix kommun,Kalix,0,9,2514,Q117091,municipality,Norrbottens län,,Landsbygdskommun,Mindre städer tätorter och landsbygdskommuner,8434,,,"Luleå kommun,Haparanda kommun,Övertorneå kommun,Överkalix kommun"
Kalmar kommun,Kalmar kommun,Kalmar,0,9,880,Q508153,municipality,Kalmar län,,Mindre stad eller tätort,Mindre städer tätorter och landsbygdskommuner,8412,,,"Emmaboda kommun,Nybro kommun,Mönsterås kommun,Torsås kommun"
Karlsborgs kommun,Karlsborgs kommun,Karlsborg,0,9,1446,Q499435,municipality,Västra Götalands län,,Pendlingskommun nära mindre stad eller tätort,Mindre städer tätorter och landsbygdskommuner,8664,Östra Skaraborgs kommunalförbund,,"Töreboda kommun,Tibro kommun,Hjo kommun,Laxå kommun,Askersunds kommun"
Karlshamns kommun,Karlshamns kommun,Karlshamn,0,9,1082,Q510223,municipality,Blekinge län,,Mindre stad eller tätort,Mindre städer tätorter och landsbygdskommuner,8343,Västra Blekinges kommunalförbund,,"Olofströms kommun,Sölvesborgs kommun,Ronneby kommun,Tingsryds kommun"
Karlskoga kommun,Karlskoga kommun,Karlskoga,0,9,1883,Q509634,municipality,Örebro län,,Mindre stad eller tätort,Mindre städer tätorter och landsbygdskommuner,8702,Bergslagens kommunalförbund,,"Lekebergs kommun,Storfors kommun,Kristinehamns kommun,Degerfors kommun,Nora kommun,Hällefors kommun,Örebro kommun"
Karlskrona kommun,Karlskrona kommun,Karlskrona,0,9,1080,Q1128384,municipality,Blekinge län,,Mindre stad eller tätort,Mindre städer tätorter och landsbygdskommuner,8344,Östra Blekinges kommunalförbund,,"Ronneby kommun,Emmaboda kommun,Torsås kommun"
Karlstads kommun,Karlstads kommun,Karlstad,0,9,1780,Q498453,municipality,Värmlands län,,Större stad,Större städer och kommuner nära större stad,8571,Karlstadsregionens kommunalförbund,,"Forshaga kommun,Kils kommun,Storfors kommun,Grums kommun,Kristinehamns kommun,Hammarö kommun,Hagfors kommun,Filipstads kommun"
Katrineholms kommun,Katrineholms kommun,Katrineholm,0,9,483,Q508140,municipality,Södermanlands län,,Mindre stad eller tätort,Mindre städer tätorter och landsbygdskommuner,8548,Västra Sörmlands kommunalförbund,,"Norrköpings kommun,Vingåkers kommun,Finspångs kommun,Eskilstuna kommun,Flens kommun,Nyköpings kommun"
Kävlinge kommun,Kävlinge kommun,Kävlinge,0,9,1261,Q513370,municipality,Skåne län,Stormalmö,Pendlingskommun nära storstad,Storstäder och storstadsnära kommuner,8457,Kommunalförbundet Syd,,"Eslövs kommun,Lomma kommun,Lunds kommun,Svalövs kommun,Landskrona kommun"
Kils kommun,Kils kommun,Kil,0,9,1715,Q499393,municipality,Värmlands län,,Pendlingskommun nära större stad,Större städer och kommuner nära större stad,8572,Karlstadsregionens kommunalförbund,,"Arvika kommun,Sunne kommun,Forshaga kommun,Karlstads kommun,Grums kommun"
Kinda kommun,Kinda kommun,Kinda,0,9,513,Q515299,municipality,Östergötlands län,,Lågpendlingskommun nära större stad,Större städer och kommuner nära större stad,8713,,,"Vimmerby kommun,Västerviks kommun,Åtvidabergs kommun,Linköpings kommun,Boxholms kommun,Ydre kommun"
Kiruna kommun,Kiruna kommun,Kiruna,0,9,2584,Q499474,municipality,Norrbottens län,,Mindre stad eller tätort,Mindre städer tätorter och landsbygdskommuner,8443,,,"Gällivare kommun,Pajala kommun"
Klippans kommun,Klippans kommun,Klippan,0,9,1276,Q504614,municipality,Skåne län,,Pendlingskommun nära större stad,Större städer och kommuner nära större stad,8455,Söderåsens kommunalförbund,,"Eslövs kommun,Hässleholms kommun,Höörs kommun,Svalövs kommun,Perstorps kommun,Örkelljunga kommun,Åstorps kommun,Ängelholms kommun"
Knivsta kommun,Knivsta kommun,Knivsta,2003-01-01,9,330,Q504465,municipality,Uppsala län,,Pendlingskommun nära större stad,Större städer och kommuner nära större stad,8558,Attunda kommunalförbund,,"Sigtuna kommun,Håbo kommun,Uppsala kommun,Norrtälje kommun"
Köpings kommun,Köpings kommun,Köping,0,9,1983,Q42009,municipality,Västmanlands län,,Lågpendlingskommun nära större stad,Större städer och kommuner nära större stad,8610,Västra Mälardalens kommunalförbund,,"Kungsörs kommun,Lindesbergs kommun,Skinnskattebergs kommun,Arboga kommun,Surahammars kommun,Västerås kommun,Hallstahammars kommun"
Kramfors kommun,Kramfors kommun,Kramfors,0,9,2282,Q514815,municipality,Västernorrlands län,,Landsbygdskommun,Mindre städer tätorter och landsbygdskommuner,8598,Kommunalförbundet Höga Kusten och Ådalen,,"Härnösands kommun,Örnsköldsviks kommun,Sollefteå kommun"
Kristianstads kommun,Kristianstads kommun,Kristianstad,0,9,1290,Q498857,municipality,Skåne län,,Mindre stad eller tätort,Mindre städer tätorter och landsbygdskommuner,8456,Bergslagens kommunalförbund,,"Hässleholms kommun,Simrishamns kommun,Tomelilla kommun,Hörby kommun,Olofströms kommun,Bromölla kommun,Östra Göinge kommun,Osby kommun"
Kristinehamns kommun,Kristinehamns kommun,Kristinehamn,0,9,1781,Q510364,municipality,Värmlands län,,Lågpendlingskommun nära större stad,Större städer och kommuner nära större stad,8573,,,"Karlstads kommun,Storfors kommun,Gullspångs kommun,Laxå kommun,Degerfors kommun,Karlskoga kommun"
Krokoms kommun,Krokoms kommun,Krokom,0,9,2309,Q514707,municipality,Jämtlands län,,Pendlingskommun nära större stad,Större städer och kommuner nära större stad,8388,Jämtland kommunalförbund,,"Åre kommun,Östersunds kommun,Strömsunds kommun"
Kumla kommun,Kumla kommun,Kumla,0,9,1881,Q504988,municipality,Örebro län,,Pendlingskommun nära större stad,Större städer och kommuner nära större stad,8703,Nerikes kommunalförbund,,"Lekebergs kommun,Örebro kommun,Hallsbergs kommun"
Kungälvs kommun,Kungälvs kommun,Kungälv,0,9,1482,Q511394,municipality,Västra Götalands län,Storgöteborg,Pendlingskommun nära storstad,Storstäder och storstadsnära kommuner,8665,Bohus kommunalförbund,,"Stenungsunds kommun,Göteborgs kommun,Ale kommun,Lilla Edets kommun"
Kungsbacka kommun,Kungsbacka kommun,Kungsbacka,0,9,1384,Q499380,municipality,Hallands län,Storgöteborg,Pendlingskommun nära storstad,Storstäder och storstadsnära kommuner,8381,Storgöteborgs kommunalförbund,,"Mölndals kommun,Göteborgs kommun,Marks kommun,Varbergs kommun,Härryda kommun"
Kungsörs kommun,Kungsörs kommun,Kungsör,0,9,1960,Q47169,municipality,Västmanlands län,,Pendlingskommun nära mindre stad eller tätort,Mindre städer tätorter och landsbygdskommuner,8609,Västra Mälardalens kommunalförbund,,"Eskilstuna kommun,Köpings kommun,Arboga kommun"
Laholms kommun,Laholms kommun,Laholm,0,9,1381,Q487502,municipality,Hallands län,,Pendlingskommun nära större stad,Större städer och kommuner nära större stad,8382,,,"Örkelljunga kommun,Ängelholms kommun,Båstads kommun,Halmstads kommun,Ljungby kommun,Markaryds kommun"
Landskrona kommun,Landskrona kommun,Landskrona,0,9,1282,Q502298,municipality,Skåne län,,Pendlingskommun nära större stad,Större städer och kommuner nära större stad,8458,,,"Kävlinge kommun,Helsingborgs kommun,Svalövs kommun"
Laxå kommun,Laxå kommun,Laxå,0,9,1860,Q515326,municipality,Örebro län,,Lågpendlingskommun nära större stad,Större städer och kommuner nära större stad,8704,Nerikes kommunalförbund,,"Lekebergs kommun,Töreboda kommun,Karlsborgs kommun,Kristinehamns kommun,Gullspångs kommun,Degerfors kommun,Hallsbergs kommun,Askersunds kommun"
Lekebergs kommun,Lekebergs kommun,Lekeberg,1995-01-01,9,1814,Q515282,municipality,Örebro län,,Pendlingskommun nära större stad,Större städer och kommuner nära större stad,8705,Nerikes kommunalförbund,,"Laxå kommun,Degerfors kommun,Karlskoga kommun,Kumla kommun,Örebro kommun,Hallsbergs kommun"
Leksands kommun,Leksands kommun,Leksand,0,9,2029,Q509651,municipality,Dalarnas län,,Landsbygdskommun med besöksnäring,Mindre städer tätorter och landsbygdskommuner,8354,Norra Dalarnas kommunalförbund,,"Rättviks kommun,Mora kommun,Vansbro kommun,Gagnefs kommun,Falu kommun,Borlänge kommun"
Lerums kommun,Lerums kommun,Lerum,0,9,1441,Q503188,municipality,Västra Götalands län,Storgöteborg,Pendlingskommun nära storstad,Storstäder och storstadsnära kommuner,8666,Storgöteborgs kommunalförbund,,"Göteborgs kommun,Partille kommun,Bollebygds kommun,Härryda kommun,Alingsås kommun,Ale kommun"
Lessebo kommun,Lessebo kommun,Lessebo,0,9,761,Q509488,municipality,Kronobergs län,,Pendlingskommun nära större stad,Större städer och kommuner nära större stad,8422,Östra Kronobergs kommunalförbund,,"Emmaboda kommun,Uppvidinge kommun,Tingsryds kommun,Växjö kommun,Nybro kommun"
Lidingö kommun,Lidingö kommun,Lidingö,0,9,186,Q3120654,municipality,Stockholms län,Storstockholm,Pendlingskommun nära storstad,Storstäder och storstadsnära kommuner,8501,Storstockholms kommunalförbund,,"Nacka kommun,Stockholms kommun,Vaxholms kommun,Danderyds kommun"
Lidköpings kommun,Lidköpings kommun,Lidköping,0,9,1494,Q515358,municipality,Västra Götalands län,,Mindre stad eller tätort,Mindre städer tätorter och landsbygdskommuner,8667,Västra Skaraborgs kommunalförbund,,"Götene kommun,Skara kommun,Vänersborgs kommun,Vara kommun,Grästorps kommun"
Lilla Edets kommun,Lilla Edets kommun,Lilla Edet,0,9,1462,Q511241,municipality,Västra Götalands län,Storgöteborg,Pendlingskommun nära storstad,Storstäder och storstadsnära kommuner,8668,Södra Bohusläns kommunalförbund,,"Stenungsunds kommun,Kungälvs kommun,Uddevalla kommun,Vänersborgs kommun,Trollhättans kommun,Ale kommun"
Lindesbergs kommun,Lindesbergs kommun,Lindesberg,0,9,1885,Q514858,municipality,Örebro län,,Lågpendlingskommun nära större stad,Större städer och kommuner nära större stad,8706,Nerikes kommunalförbund,,"Nora kommun,Hällefors kommun,Örebro kommun,Ljusnarsbergs kommun,Smedjebackens kommun,Skinnskattebergs kommun,Köpings kommun,Arboga kommun"
Linköpings kommun,Linköpings kommun,Linköping,0,9,580,Q499410,municipality,Östergötlands län,,Större stad,Större städer och kommuner nära större stad,8714,Östra Götalands kommunalförbund,,"Söderköpings kommun,Åtvidabergs kommun,Norrköpings kommun,Finspångs kommun,Motala kommun,Mjölby kommun,Boxholms kommun,Kinda kommun"
Ljungby kommun,Ljungby kommun,Ljungby,0,9,781,Q504235,municipality,Kronobergs län,,Mindre stad eller tätort,Mindre städer tätorter och landsbygdskommuner,8423,,,"Laholms kommun,Hylte kommun,Halmstads kommun,Alvesta kommun,Älmhults kommun,Markaryds kommun,Värnamo kommun,Gislaveds kommun"
Ljusdals kommun,Ljusdals kommun,Ljusdal,0,9,2161,Q515235,municipality,Gävleborgs län,,Landsbygdskommun,Mindre städer tätorter och landsbygdskommuner,8371,,,"Orsa kommun,Rättviks kommun,Härjedalens kommun,Ånge kommun,Ovanåkers kommun,Nordanstigs kommun,Hudiksvalls kommun,Bollnäs kommun"
Ljusnarsbergs kommun,Ljusnarsbergs kommun,Ljusnarsberg,0,9,1864,Q514739,municipality,Örebro län,,Pendlingskommun nära mindre stad eller tätort,Mindre städer tätorter och landsbygdskommuner,8707,Nerikes kommunalförbund,,"Ludvika kommun,Hällefors kommun,Lindesbergs kommun,Smedjebackens kommun"
Lomma kommun,Lomma kommun,Lomma,0,9,1262,Q427991,municipality,Skåne län,Stormalmö,Pendlingskommun nära storstad,Storstäder och storstadsnära kommuner,8459,,,"Kävlinge kommun,Burlövs kommun,Staffanstorps kommun,Lunds kommun,Malmö kommun"
Ludvika kommun,Ludvika kommun,Ludvika,0,9,2085,Q503184,municipality,Dalarnas län,,Landsbygdskommun,Mindre städer tätorter och landsbygdskommuner,8355,Kommunalförbundet DalaMitt,,"Hällefors kommun,Vansbro kommun,Filipstads kommun,Gagnefs kommun,Ljusnarsbergs kommun,Smedjebackens kommun,Borlänge kommun,Säters kommun"
Luleå kommun,Luleå kommun,Luleå,0,9,2580,Q177019,municipality,Norrbottens län,,Större stad,Större städer och kommuner nära större stad,8439,,,"Piteå kommun,Bodens kommun,Älvsbyns kommun,Kalix kommun,Överkalix kommun"
Lunds kommun,Lunds kommun,Lund,0,9,1281,Q505018,municipality,Skåne län,Stormalmö,Större stad,Större städer och kommuner nära större stad,8460,Kommunalförbundet Syd,,"Trelleborgs kommun,Eslövs kommun,Kävlinge kommun,Lomma kommun,Staffanstorps kommun,Svedala kommun,Sjöbo kommun,Skurups kommun"
Lycksele kommun,Lycksele kommun,Lycksele,0,9,2481,Q948462,municipality,Västerbottens län,,Landsbygdskommun,Mindre städer tätorter och landsbygdskommuner,8583,,,"Vindelns kommun,Norsjö kommun,Bjurholms kommun,Malå kommun,Sorsele kommun,Storumans kommun,Vilhelmina kommun,Åsele kommun"
Lysekils kommun,Lysekils kommun,Lysekil,0,9,1484,Q503173,municipality,Västra Götalands län,,Lågpendlingskommun nära större stad,Större städer och kommuner nära större stad,8669,Kommunalförbundet Mitt Bohuslän,,"Munkedals kommun,Sotenäs kommun,Uddevalla kommun,Orusts kommun"
Malå kommun,Malå kommun,Malå,0,9,2418,Q501540,municipality,Västerbottens län,,Landsbygdskommun,Mindre städer tätorter och landsbygdskommuner,8584,Malå och Norsjö kommunalförbund,,"Arvidsjaurs kommun,Norsjö kommun,Lycksele kommun,Sorsele kommun"
Malmö kommun,Malmö kommun,Malmö,0,9,1280,Q503361,municipality,Skåne län,Stormalmö,Storstäder,Storstäder och storstadsnära kommuner,8461,Kommunalförbundet Syd,,"Lomma kommun,Burlövs kommun,Staffanstorps kommun,Svedala kommun,Vellinge kommun"
Malung-Sälens kommun,Malung-Sälens kommun,Malung-Sälen,0,9,2023,Q504266,municipality,Dalarnas län,,Landsbygdskommun med besöksnäring,Mindre städer tätorter och landsbygdskommuner,8356,,,"Torsby kommun,Älvdalens kommun,Mora kommun,Vansbro kommun,Hagfors kommun,Filipstads kommun"
Mariestads kommun,Mariestads kommun,Mariestad,0,9,1493,Q427422,municipality,Västra Götalands län,,Mindre stad eller tätort,Mindre städer tätorter och landsbygdskommuner,8670,Östra Skaraborgs kommunalförbund,,"Götene kommun,Töreboda kommun,Skövde kommun,Gullspångs kommun"
Markaryds kommun,Markaryds kommun,Markaryd,0,9,767,Q240574,municipality,Kronobergs län,,Pendlingskommun nära mindre stad eller tätort,Mindre städer tätorter och landsbygdskommuner,8671,,,"Hässleholms kommun,Laholms kommun,Örkelljunga kommun,Osby kommun,Ljungby kommun,Älmhults kommun"
Marks kommun,Marks kommun,Mark,0,9,1463,Q500153,municipality,Västra Götalands län,,Pendlingskommun nära större stad,Större städer och kommuner nära större stad,8424,Södra Älvsborgs kommunalförbund,,"Mölndals kommun,Borås kommun,Svenljunga kommun,Falkenbergs kommun,Varbergs kommun,Bollebygds kommun,Härryda kommun,Kungsbacka kommun"
Melleruds kommun,Melleruds kommun,Mellerud,0,9,1461,Q501438,municipality,Västra Götalands län,,Pendlingskommun nära mindre stad eller tätort,Mindre städer tätorter och landsbygdskommuner,8672,Norra Älvsborgs kommunalförbund,,"Åmåls kommun,Bengtsfors kommun,Färgelanda kommun,Vänersborgs kommun"
Mjölby kommun,Mjölby kommun,Mjölby,0,9,586,Q267030,municipality,Östergötlands län,,Pendlingskommun nära större stad,Större städer och kommuner nära större stad,8715,,,"Motala kommun,Linköpings kommun,Boxholms kommun,Vadstena kommun,Ödeshögs kommun"
Mölndals kommun,Mölndals kommun,Mölndal,0,9,1481,Q511270,municipality,Västra Götalands län,Storgöteborg,Pendlingskommun nära storstad,Storstäder och storstadsnära kommuner,8674,Storgöteborgs kommunalförbund,,"Göteborgs kommun,Marks kommun,Härryda kommun,Kungsbacka kommun"
Mönsterås kommun,Mönsterås kommun,Mönsterås,0,9,861,Q515250,municipality,Kalmar län,,Pendlingskommun nära mindre stad eller tätort,Mindre städer tätorter och landsbygdskommuner,8413,,,"Oskarshamns kommun,Nybro kommun,Kalmar kommun,Högsby kommun"
Mora kommun,Mora kommun,Mora,0,9,2062,Q504239,municipality,Dalarnas län,,Landsbygdskommun,Mindre städer tätorter och landsbygdskommuner,8357,Norra Dalarnas kommunalförbund,,"Orsa kommun,Rättviks kommun,Leksands kommun,Härjedalens kommun,Älvdalens kommun,Malung-Sälens kommun,Vansbro kommun"
Mörbylånga kommun,Mörbylånga kommun,Mörbylånga,0,9,840,Q514756,municipality,Kalmar län,,Pendlingskommun nära mindre stad eller tätort,Mindre städer tätorter och landsbygdskommuner,8414,Ölands kommunalförbund,,Borgholms kommun
Motala kommun,Motala kommun,Motala,0,9,583,Q508108,municipality,Östergötlands län,,Lågpendlingskommun nära större stad,Större städer och kommuner nära större stad,8716,,,"Finspångs kommun,Mjölby kommun,Linköpings kommun,Vadstena kommun,Hallsbergs kommun,Askersunds kommun"
Mullsjö kommun,Mullsjö kommun,Mullsjö,0,9,642,Q505076,municipality,Jönköpings län,,Pendlingskommun nära större stad,Större städer och kommuner nära större stad,8400,,,"Ulricehamns kommun,Falköpings kommun,Tidaholms kommun,Habo kommun,Jönköpings kommun"
Munkedals kommun,Munkedals kommun,Munkedal,0,9,1430,Q389040,municipality,Västra Götalands län,,Pendlingskommun nära mindre stad eller tätort,Mindre städer tätorter och landsbygdskommuner,8673,Kommunalförbundet Mitt Bohuslän,,"Tanums kommun,Sotenäs kommun,Uddevalla kommun,Lysekils kommun,Dals-Eds kommun,Färgelanda kommun"
Munkfors kommun,Munkfors kommun,Munkfors,0,9,1762,Q501494,municipality,Värmlands län,,Lågpendlingskommun nära större stad,Större städer och kommuner nära större stad,8574,Karlstadsregionens kommunalförbund,,"Sunne kommun,Forshaga kommun,Hagfors kommun"
Nacka kommun,Nacka kommun,Nacka,0,9,182,Q946647,municipality,Stockholms län,Storstockholm,Pendlingskommun nära storstad,Storstäder och storstadsnära kommuner,8502,Södertörns kommunalförbund,,"Lidingö kommun,Stockholms kommun,Värmdö kommun,Tyresö kommun,Huddinge kommun"
Nässjö kommun,Nässjö kommun,Nässjö,0,9,682,Q505096,municipality,Jönköpings län,,Lågpendlingskommun nära större stad,Större städer och kommuner nära större stad,8401,Höglandets kommunalförbund,,"Eksjö kommun,Vetlanda kommun,Aneby kommun,Sävsjö kommun,Vaggeryds kommun,Jönköpings kommun"
Nora kommun,Nora kommun,Nora,0,9,1884,Q285894,municipality,Örebro län,,Pendlingskommun nära större stad,Större städer och kommuner nära större stad,8708,Nerikes kommunalförbund,,"Karlskoga kommun,Hällefors kommun,Lindesbergs kommun,Örebro kommun"
Norbergs kommun,Norbergs kommun,Norberg,0,9,1962,Q37404,municipality,Västmanlands län,,Pendlingskommun nära mindre stad eller tätort,Mindre städer tätorter och landsbygdskommuner,8611,Södra Dalarnas kommunalförbund,,"Smedjebackens kommun,Fagersta kommun,Sala kommun,Avesta kommun,Hedemora kommun"
Nordanstigs kommun,Nordanstigs kommun,Nordanstig,0,9,2132,Q514805,municipality,Gävleborgs län,,Pendlingskommun nära mindre stad eller tätort,Mindre städer tätorter och landsbygdskommuner,8372,Norrhälsinge kommunalförbund,,"Ånge kommun,Ljusdals kommun,Hudiksvalls kommun,Sundsvalls kommun"
Nordmalings kommun,Nordmalings kommun,Nordmaling,0,9,2401,Q514722,municipality,Västerbottens län,,Pendlingskommun nära större stad,Större städer och kommuner nära större stad,8585,,,"Bjurholms kommun,Örnsköldsviks kommun,Umeå kommun,Vännäs kommun"
Norrköpings kommun,Norrköpings kommun,Norrköping,0,9,581,Q504676,municipality,Östergötlands län,,Större stad,Större städer och kommuner nära större stad,8717,Östra Götalands kommunalförbund,,"Söderköpings kommun,Finspångs kommun,Linköpings kommun,Katrineholms kommun,Nyköpings kommun"
Norrtälje kommun,Norrtälje kommun,Norrtälje,0,9,188,Q214048,municipality,Stockholms län,Storstockholm,Mindre stad eller tätort,Mindre städer tätorter och landsbygdskommuner,8503,,,"Östhammars kommun,Vallentuna kommun,Knivsta kommun,Sigtuna kommun,Uppsala kommun,Österåkers kommun"
Norsjö kommun,Norsjö kommun,Norsjö,0,9,2417,Q507644,municipality,Västerbottens län,,Landsbygdskommun,Mindre städer tätorter och landsbygdskommuner,8586,Malå och Norsjö kommunalförbund,,"Arvidsjaurs kommun,Vindelns kommun,Malå kommun,Lycksele kommun,Skellefteå kommun"
Nybro kommun,Nybro kommun,Nybro,0,9,881,Q515318,municipality,Kalmar län,,Pendlingskommun nära mindre stad eller tätort,Mindre städer tätorter och landsbygdskommuner,8415,,,"Emmaboda kommun,Lessebo kommun,Uppvidinge kommun,Kalmar kommun,Mönsterås kommun,Högsby kommun"
Nyköpings kommun,Nyköpings kommun,Nyköping,0,9,480,Q500267,municipality,Södermanlands län,,Mindre stad eller tätort,Mindre städer tätorter och landsbygdskommuner,8549,,,"Trosa kommun,Norrköpings kommun,Flens kommun,Katrineholms kommun,Gnesta kommun,Oxelösunds kommun"
Nykvarns kommun,Nykvarns kommun,Nykvarn,1997-01-01,9,140,Q499460,municipality,Stockholms län,Storstockholm,Pendlingskommun nära större stad,Större städer och kommuner nära större stad,8504,Södertörns kommunalförbund,,"Strängnäs kommun,Södertälje kommun,Gnesta kommun"
Nynäshamns kommun,Nynäshamns kommun,Nynäshamn,0,9,192,Q505090,municipality,Stockholms län,Storstockholm,Pendlingskommun nära storstad,Storstäder och storstadsnära kommuner,8505,Södertörns kommunalförbund,,"Botkyrka kommun,Haninge kommun"
Ockelbo kommun,Ockelbo kommun,Ockelbo,0,9,2101,Q505109,municipality,Gävleborgs län,,Lågpendlingskommun nära större stad,Större städer och kommuner nära större stad,8373,Gästrike kommunalförbund,,"Gävle kommun,Sandvikens kommun,Falu kommun,Söderhamns kommun,Bollnäs kommun"
Öckerö kommun,Öckerö kommun,Öckerö,0,9,1407,Q293928,municipality,Västra Götalands län,Storgöteborg,Pendlingskommun nära storstad,Storstäder och storstadsnära kommuner,8696,,,Göteborgs kommun
Ödeshögs kommun,Ödeshögs kommun,Ödeshög,0,9,509,Q293970,municipality,Östergötlands län,,Pendlingskommun nära mindre stad eller tätort,Mindre städer tätorter och landsbygdskommuner,8723,,,"Mjölby kommun,Boxholms kommun,Tranås kommun,Vadstena kommun,Jönköpings kommun"
Olofströms kommun,Olofströms kommun,Olofström,0,9,1060,Q504257,municipality,Blekinge län,,Pendlingskommun nära mindre stad eller tätort,Mindre städer tätorter och landsbygdskommuner,8345,Västra Blekinges kommunalförbund,,"Kristianstads kommun,Bromölla kommun,Östra Göinge kommun,Osby kommun,Sölvesborgs kommun,Karlshamns kommun,Tingsryds kommun,Älmhults kommun"
Örebro kommun,Örebro kommun,Örebro,0,9,1880,Q297718,municipality,Örebro län,,Större stad,Större städer och kommuner nära större stad,8709,Nerikes kommunalförbund,,"Vingåkers kommun,Finspångs kommun,Lekebergs kommun,Karlskoga kommun,Nora kommun,Kumla kommun,Lindesbergs kommun,Hallsbergs kommun,Arboga kommun"
Örkelljunga kommun,Örkelljunga kommun,Örkelljunga,0,9,1257,Q297936,municipality,Skåne län,,Pendlingskommun nära större stad,Större städer och kommuner nära större stad,8492,Nordvästra Skånes kommunalförbund,,"Hässleholms kommun,Laholms kommun,Perstorps kommun,Klippans kommun,Ängelholms kommun,Markaryds kommun"
Örnsköldsviks kommun,Örnsköldsviks kommun,Örnsköldsvik,0,9,2284,Q298003,municipality,Västernorrlands län,,Mindre stad eller tätort,Mindre städer tätorter och landsbygdskommuner,8603,,,"Nordmalings kommun,Bjurholms kommun,Kramfors kommun,Åsele kommun,Sollefteå kommun"
Orsa kommun,Orsa kommun,Orsa,0,9,2034,Q504630,municipality,Dalarnas län,,Landsbygdskommun med besöksnäring,Mindre städer tätorter och landsbygdskommuner,8358,Norra Dalarnas kommunalförbund,,"Rättviks kommun,Härjedalens kommun,Mora kommun,Ljusdals kommun"
Orusts kommun,Orusts kommun,Orust,0,9,1421,Q338752,municipality,Västra Götalands län,,Pendlingskommun nära mindre stad eller tätort,Mindre städer tätorter och landsbygdskommuner,8675,,,"Stenungsunds kommun,Uddevalla kommun,Tjörns kommun,Lysekils kommun"
Osby kommun,Osby kommun,Osby,0,9,1273,Q504594,municipality,Skåne län,,Pendlingskommun nära mindre stad eller tätort,Mindre städer tätorter och landsbygdskommuner,8478,,,"Hässleholms kommun,Kristianstads kommun,Olofströms kommun,Östra Göinge kommun,Älmhults kommun,Markaryds kommun"
Oskarshamns kommun,Oskarshamns kommun,Oskarshamn,0,9,882,Q505006,municipality,Kalmar län,,Mindre stad eller tätort,Mindre städer tätorter och landsbygdskommuner,8416,,,"Mönsterås kommun,Högsby kommun,Hultsfreds kommun,Vimmerby kommun,Västerviks kommun"
Österåkers kommun,Österåkers kommun,Österåker,0,9,117,Q117728,municipality,Stockholms län,Storstockholm,Pendlingskommun nära storstad,Storstäder och storstadsnära kommuner,8543,Storstockholms kommunalförbund,,"Vallentuna kommun,Norrtälje kommun,Täby kommun,Vaxholms kommun"
Östersunds kommun,Östersunds kommun,Östersund,0,9,2380,Q306789,municipality,Jämtlands län,,Större stad,Större städer och kommuner nära större stad,8392,Jämtland kommunalförbund,,"Bergs kommun,Krokoms kommun,Bräcke kommun,Strömsunds kommun,Ragunda kommun"
Östhammars kommun,Östhammars kommun,Östhammar,0,9,382,Q59093,municipality,Uppsala län,,Lågpendlingskommun nära större stad,Större städer och kommuner nära större stad,8562,Uppsala kommunalförbund,,"Tierps kommun,Uppsala kommun,Norrtälje kommun"
Östra Göinge kommun,Östra Göinge kommun,Östra Göinge,0,9,1256,Q307370,municipality,Skåne län,,Pendlingskommun nära mindre stad eller tätort,Mindre städer tätorter och landsbygdskommuner,8493,,,"Hässleholms kommun,Kristianstads kommun,Olofströms kommun,Osby kommun"
Ovanåkers kommun,Ovanåkers kommun,Ovanåker,0,9,2121,Q505085,municipality,Gävleborgs län,,Landsbygdskommun,Mindre städer tätorter och landsbygdskommuner,8374,Södra Hälsinglands kommunalförbund,,"Rättviks kommun,Ljusdals kommun,Falu kommun,Bollnäs kommun"
Överkalix kommun,Överkalix kommun,Överkalix,0,9,2513,Q307569,municipality,Norrbottens län,,Landsbygdskommun,Mindre städer tätorter och landsbygdskommuner,8433,,,"Luleå kommun,Bodens kommun,Gällivare kommun,Övertorneå kommun,Kalix kommun,Pajala kommun"
Övertorneå kommun,Övertorneå kommun,Övertorneå,0,9,2518,Q307603,municipality,Norrbottens län,,Landsbygdskommun,Mindre städer tätorter och landsbygdskommuner,8435,,,"Haparanda kommun,Kalix kommun,Överkalix kommun,Pajala kommun"
Oxelösunds kommun,Oxelösunds kommun,Oxelösund,0,9,481,Q505246,municipality,Södermanlands län,,Pendlingskommun nära mindre stad eller tätort,Mindre städer tätorter och landsbygdskommuner,8550,,,Nyköpings kommun
Pajala kommun,Pajala kommun,Pajala,0,9,2521,Q186230,municipality,Norrbottens län,,Landsbygdskommun,Mindre städer tätorter och landsbygdskommuner,8436,,,"Kiruna kommun,Gällivare kommun,Övertorneå kommun,Överkalix kommun"
Partille kommun,Partille kommun,Partille,0,9,1402,Q125222,municipality,Västra Götalands län,Storgöteborg,Pendlingskommun nära storstad,Storstäder och storstadsnära kommuner,8676,Storgöteborgs kommunalförbund,,"Göteborgs kommun,Härryda kommun,Lerums kommun"
Perstorps kommun,Perstorps kommun,Perstorp,0,9,1275,Q504249,municipality,Skåne län,,Pendlingskommun nära större stad,Större städer och kommuner nära större stad,8479,,,"Hässleholms kommun,Örkelljunga kommun,Klippans kommun"
Piteå kommun,Piteå kommun,Piteå,0,9,2581,Q507656,municipality,Norrbottens län,,Mindre stad eller tätort,Mindre städer tätorter och landsbygdskommuner,8440,,,"Arvidsjaurs kommun,Skellefteå kommun,Luleå kommun,Bodens kommun,Älvsbyns kommun"
Ragunda kommun,Ragunda kommun,Ragunda,0,9,2303,Q515342,municipality,Jämtlands län,,Landsbygdskommun,Mindre städer tätorter och landsbygdskommuner,8389,Jämtland kommunalförbund,,"Östersunds kommun,Bräcke kommun,Sundsvalls kommun,Strömsunds kommun,Sollefteå kommun"
Rättviks kommun,Rättviks kommun,Rättvik,0,9,2031,Q504244,municipality,Dalarnas län,,Landsbygdskommun med besöksnäring,Mindre städer tätorter och landsbygdskommuner,8359,,,"Orsa kommun,Leksands kommun,Mora kommun,Ljusdals kommun,Ovanåkers kommun,Falu kommun"
Robertsfors kommun,Robertsfors kommun,Robertsfors,0,9,2409,Q507670,municipality,Västerbottens län,,Lågpendlingskommun nära större stad,Större städer och kommuner nära större stad,8587,Umeåregionens kommunalförbund,,"Skellefteå kommun,Umeå kommun"
Ronneby kommun,Ronneby kommun,Ronneby,0,9,1081,Q515373,municipality,Blekinge län,,Pendlingskommun nära mindre stad eller tätort,Mindre städer tätorter och landsbygdskommuner,8346,Östra Blekinges kommunalförbund,,"Karlshamns kommun,Emmaboda kommun,Tingsryds kommun,Karlskrona kommun"
Säffle kommun,Säffle kommun,Säffle,0,9,1785,Q511326,municipality,Värmlands län,,Lågpendlingskommun nära större stad,Större städer och kommuner nära större stad,8577,,,"Åmåls kommun,Bengtsfors kommun,Arvika kommun,Årjängs kommun,Grums kommun"
Sala kommun,Sala kommun,Sala,0,9,1981,Q37399,municipality,Västmanlands län,,Lågpendlingskommun nära större stad,Större städer och kommuner nära större stad,8612,,,"Heby kommun,Enköpings kommun,Norbergs kommun,Fagersta kommun,Surahammars kommun,Västerås kommun,Sandvikens kommun,Avesta kommun"
Salems kommun,Salems kommun,Salem,0,9,128,Q1255130,municipality,Stockholms län,Storstockholm,Pendlingskommun nära storstad,Storstäder och storstadsnära kommuner,8506,Södertörns kommunalförbund,,"Södertälje kommun,Botkyrka kommun,Ekerö kommun"
Sandvikens kommun,Sandvikens kommun,Sandviken,0,9,2181,Q149539,municipality,Gävleborgs län,,Lågpendlingskommun nära större stad,Större städer och kommuner nära större stad,8375,Gästrike kommunalförbund,,"Heby kommun,Sala kommun,Ockelbo kommun,Hofors kommun,Gävle kommun,Avesta kommun,Falu kommun"
Säters kommun,Säters kommun,Säter,0,9,2082,Q1345439,municipality,Dalarnas län,,Pendlingskommun nära större stad,Större städer och kommuner nära större stad,8361,Kommunalförbundet DalaMitt,,"Ludvika kommun,Smedjebackens kommun,Hofors kommun,Falu kommun,Borlänge kommun,Hedemora kommun"
Sävsjö kommun,Sävsjö kommun,Sävsjö,0,9,684,Q505239,municipality,Jönköpings län,,Pendlingskommun nära mindre stad eller tätort,Mindre städer tätorter och landsbygdskommuner,8402,,,"Vetlanda kommun,Växjö kommun,Alvesta kommun,Nässjö kommun,Vaggeryds kommun,Värnamo kommun"
Sigtuna kommun,Sigtuna kommun,Sigtuna,0,9,191,Q216915,municipality,Stockholms län,Storstockholm,Pendlingskommun nära storstad,Storstäder och storstadsnära kommuner,8507,Attunda kommunalförbund,,"Upplands Väsby kommun,Upplands-Bro kommun,Vallentuna kommun,Knivsta kommun,Håbo kommun,Uppsala kommun,Norrtälje kommun"
Simrishamns kommun,Simrishamns kommun,Simrishamn,0,9,1291,Q504626,municipality,Skåne län,,Pendlingskommun nära mindre stad eller tätort,Mindre städer tätorter och landsbygdskommuner,8480,Sydöstra Skånes kommunalförbund,,"Kristianstads kommun,Ystads kommun,Tomelilla kommun"
Sjöbo kommun,Sjöbo kommun,Sjöbo,0,9,1265,Q504601,municipality,Skåne län,,Pendlingskommun nära större stad,Större städer och kommuner nära större stad,8481,Sydöstra Skånes kommunalförbund,,"Eslövs kommun,Lunds kommun,Ystads kommun,Tomelilla kommun,Hörby kommun,Skurups kommun"
Skara kommun,Skara kommun,Skara,0,9,1495,Q499421,municipality,Västra Götalands län,,Pendlingskommun nära mindre stad eller tätort,Mindre städer tätorter och landsbygdskommuner,8677,Mellersta Skaraborgs kommunalförbund,,"Götene kommun,Vara kommun,Lidköpings kommun,Skövde kommun,Falköpings kommun"
Skellefteå kommun,Skellefteå kommun,Skellefteå,0,9,2482,Q430780,municipality,Västerbottens län,,Mindre stad eller tätort,Mindre städer tätorter och landsbygdskommuner,8588,,,"Arvidsjaurs kommun,Vindelns kommun,Norsjö kommun,Piteå kommun,Robertsfors kommun,Umeå kommun"
Skinnskattebergs kommun,Skinnskattebergs kommun,Skinnskatteberg,0,9,1904,Q37462,municipality,Västmanlands län,,Pendlingskommun nära mindre stad eller tätort,Mindre städer tätorter och landsbygdskommuner,8613,,,"Lindesbergs kommun,Smedjebackens kommun,Fagersta kommun,Köpings kommun,Surahammars kommun"
Skövde kommun,Skövde kommun,Skövde,0,9,1496,Q501452,municipality,Västra Götalands län,,Mindre stad eller tätort,Mindre städer tätorter och landsbygdskommuner,8678,Östra Skaraborgs kommunalförbund,,"Götene kommun,Skara kommun,Mariestads kommun,Töreboda kommun,Tibro kommun,Hjo kommun,Falköpings kommun,Tidaholms kommun"
Skurups kommun,Skurups kommun,Skurup,0,9,1264,Q515266,municipality,Skåne län,Stormalmö,Pendlingskommun nära storstad,Storstäder och storstadsnära kommuner,8482,,,"Trelleborgs kommun,Lunds kommun,Svedala kommun,Ystads kommun,Sjöbo kommun"
Smedjebackens kommun,Smedjebackens kommun,Smedjebacken,0,9,2061,Q505046,municipality,Dalarnas län,,Pendlingskommun nära mindre stad eller tätort,Mindre städer tätorter och landsbygdskommuner,8360,,,"Ludvika kommun,Lindesbergs kommun,Ljusnarsbergs kommun,Norbergs kommun,Fagersta kommun,Skinnskattebergs kommun,Säters kommun,Hedemora kommun"
Söderhamns kommun,Söderhamns kommun,Söderhamn,0,9,2182,Q145835,municipality,Gävleborgs län,,Landsbygdskommun,Mindre städer tätorter och landsbygdskommuner,8376,Södra Hälsinglands kommunalförbund,,"Ockelbo kommun,Gävle kommun,Hudiksvalls kommun,Bollnäs kommun"
Söderköpings kommun,Söderköpings kommun,Söderköping,0,9,582,Q515680,municipality,Östergötlands län,,Pendlingskommun nära större stad,Större städer och kommuner nära större stad,8718,Östra Götalands kommunalförbund,,"Valdemarsviks kommun,Åtvidabergs kommun,Norrköpings kommun,Linköpings kommun"
Södertälje kommun,Södertälje kommun,Södertälje,0,9,181,Q516336,municipality,Stockholms län,Storstockholm,Större stad,Större städer och kommuner nära större stad,8535,Södertörns kommunalförbund,,"Trosa kommun,Nykvarns kommun,Botkyrka kommun,Salems kommun,Gnesta kommun"
Sollefteå kommun,Sollefteå kommun,Sollefteå,0,9,2283,Q221990,municipality,Västernorrlands län,,Landsbygdskommun,Mindre städer tätorter och landsbygdskommuner,8599,Kommunalförbundet Höga Kusten och Ådalen,,"Härnösands kommun,Timrå kommun,Sundsvalls kommun,Kramfors kommun,Örnsköldsviks kommun,Dorotea kommun,Åsele kommun,Strömsunds kommun,Ragunda kommun"
Sollentuna kommun,Sollentuna kommun,Sollentuna,0,9,163,Q503746,municipality,Stockholms län,Storstockholm,Pendlingskommun nära storstad,Storstäder och storstadsnära kommuner,8508,Attunda kommunalförbund,,"Upplands Väsby kommun,Järfälla kommun,Sundbybergs kommun,Stockholms kommun,Täby kommun,Danderyds kommun,Solna kommun"
Solna kommun,Solna kommun,Solna,0,9,184,Q109010,municipality,Stockholms län,Storstockholm,Pendlingskommun nära storstad,Storstäder och storstadsnära kommuner,8509,Storstockholms kommunalförbund,,"Sollentuna kommun,Sundbybergs kommun,Stockholms kommun,Danderyds kommun"
Sölvesborgs kommun,Sölvesborgs kommun,Sölvesborg,0,9,1083,Q515409,municipality,Blekinge län,,Pendlingskommun nära mindre stad eller tätort,Mindre städer tätorter och landsbygdskommuner,8347,Västra Blekinges kommunalförbund,,"Olofströms kommun,Bromölla kommun,Karlshamns kommun"
Sorsele kommun,Sorsele kommun,Sorsele,0,9,2422,Q501463,municipality,Västerbottens län,,Landsbygdskommun,Mindre städer tätorter och landsbygdskommuner,8589,,,"Arvidsjaurs kommun,Malå kommun,Lycksele kommun,Storumans kommun,Arjeplogs kommun"
Sotenäs kommun,Sotenäs kommun,Sotenäs,0,9,1427,Q501420,municipality,Västra Götalands län,,Landsbygdskommun med besöksnäring,Mindre städer tätorter och landsbygdskommuner,8679,,,"Munkedals kommun,Tanums kommun,Lysekils kommun"
Staffanstorps kommun,Staffanstorps kommun,Staffanstorp,0,9,1230,Q504609,municipality,Skåne län,Stormalmö,Pendlingskommun nära storstad,Storstäder och storstadsnära kommuner,8483,,,"Lomma kommun,Burlövs kommun,Lunds kommun,Malmö kommun,Svedala kommun"
Stenungsunds kommun,Stenungsunds kommun,Stenungsund,0,9,1415,Q511438,municipality,Västra Götalands län,Storgöteborg,Pendlingskommun nära storstad,Storstäder och storstadsnära kommuner,8680,Södra Bohusläns kommunalförbund,,"Kungälvs kommun,Uddevalla kommun,Orusts kommun,Lilla Edets kommun"
Stockholms kommun,Stockholms kommun,Stockholm,0,9,180,Q506250,municipality,Stockholms län,Storstockholm,Storstäder,Storstäder och storstadsnära kommuner,8510,Storstockholms kommunalförbund,,"Sollentuna kommun,Järfälla kommun,Sundbybergs kommun,Ekerö kommun,Lidingö kommun,Nacka kommun,Tyresö kommun,Huddinge kommun,Danderyds kommun,Solna kommun"
Storfors kommun,Storfors kommun,Storfors,0,9,1760,Q505936,municipality,Värmlands län,,Pendlingskommun nära mindre stad eller tätort,Mindre städer tätorter och landsbygdskommuner,8575,Bergslagens kommunalförbund,,"Karlstads kommun,Kristinehamns kommun,Degerfors kommun,Karlskoga kommun,Hällefors kommun,Filipstads kommun"
Storumans kommun,Storumans kommun,Storuman,0,9,2421,Q499415,municipality,Västerbottens län,,Landsbygdskommun med besöksnäring,Mindre städer tätorter och landsbygdskommuner,8590,,,"Lycksele kommun,Sorsele kommun,Vilhelmina kommun"
Strängnäs kommun,Strängnäs kommun,Strängnäs,0,9,486,Q501532,municipality,Södermanlands län,,Pendlingskommun nära större stad,Större städer och kommuner nära större stad,8551,,,"Nykvarns kommun,Eskilstuna kommun,Flens kommun,Gnesta kommun"
Strömstads kommun,Strömstads kommun,Strömstad,0,9,1486,Q501424,municipality,Västra Götalands län,,Landsbygdskommun med besöksnäring,Mindre städer tätorter och landsbygdskommuner,8681,,,Tanums kommun
Strömsunds kommun,Strömsunds kommun,Strömsund,0,9,2313,Q514770,municipality,Jämtlands län,,Landsbygdskommun,Mindre städer tätorter och landsbygdskommuner,8390,Jämtland kommunalförbund,,"Krokoms kommun,Östersunds kommun,Vilhelmina kommun,Dorotea kommun,Sollefteå kommun,Ragunda kommun"
Sundbybergs kommun,Sundbybergs kommun,Sundbyberg,0,9,183,Q972564,municipality,Stockholms län,Storstockholm,Pendlingskommun nära storstad,Storstäder och storstadsnära kommuner,8534,Storstockholms kommunalförbund,,"Sollentuna kommun,Stockholms kommun,Solna kommun"
Sundsvalls kommun,Sundsvalls kommun,Sundsvall,0,9,2281,Q504994,municipality,Västernorrlands län,,Större stad,Större städer och kommuner nära större stad,8600,Medelpads kommunalförbund,,"Ånge kommun,Nordanstigs kommun,Bräcke kommun,Härnösands kommun,Timrå kommun,Sollefteå kommun,Ragunda kommun"
Sunne kommun,Sunne kommun,Sunne,0,9,1766,Q501205,municipality,Värmlands län,,Landsbygdskommun,Mindre städer tätorter och landsbygdskommuner,8576,,,"Arvika kommun,Forshaga kommun,Munkfors kommun,Torsby kommun,Kils kommun,Hagfors kommun"
Surahammars kommun,Surahammars kommun,Surahammar,0,9,1907,Q34078,municipality,Västmanlands län,,Pendlingskommun nära större stad,Större städer och kommuner nära större stad,8614,Mälardalens kommunalförbund,,"Fagersta kommun,Skinnskattebergs kommun,Köpings kommun,Sala kommun,Västerås kommun,Hallstahammars kommun"
Svalövs kommun,Svalövs kommun,Svalöv,0,9,1214,Q504227,municipality,Skåne län,,Pendlingskommun nära större stad,Större städer och kommuner nära större stad,8484,,,"Eslövs kommun,Kävlinge kommun,Helsingborgs kommun,Bjuvs kommun,Landskrona kommun,Klippans kommun,Åstorps kommun"
Svedala kommun,Svedala kommun,Svedala,0,9,1263,Q515706,municipality,Skåne län,Stormalmö,Pendlingskommun nära storstad,Storstäder och storstadsnära kommuner,8485,,,"Trelleborgs kommun,Burlövs kommun,Staffanstorps kommun,Lunds kommun,Malmö kommun,Vellinge kommun,Skurups kommun"
Svenljunga kommun,Svenljunga kommun,Svenljunga,0,9,1465,Q501487,municipality,Västra Götalands län,,Pendlingskommun nära större stad,Större städer och kommuner nära större stad,8682,Södra Älvsborgs kommunalförbund,,"Borås kommun,Falkenbergs kommun,Marks kommun,Varbergs kommun,Tranemo kommun,Gislaveds kommun"
Täby kommun,Täby kommun,Täby,0,9,160,Q493066,municipality,Stockholms län,Storstockholm,Pendlingskommun nära storstad,Storstäder och storstadsnära kommuner,8537,Storstockholms kommunalförbund,,"Upplands Väsby kommun,Sollentuna kommun,Vallentuna kommun,Österåkers kommun,Danderyds kommun"
Tanums kommun,Tanums kommun,Tanum,0,9,1435,Q511228,municipality,Västra Götalands län,,Landsbygdskommun med besöksnäring,Mindre städer tätorter och landsbygdskommuner,8683,,,"Munkedals kommun,Sotenäs kommun,Strömstads kommun,Dals-Eds kommun"
Tibro kommun,Tibro kommun,Tibro,0,9,1472,Q501432,municipality,Västra Götalands län,,Pendlingskommun nära mindre stad eller tätort,Mindre städer tätorter och landsbygdskommuner,8684,Östra Skaraborgs kommunalförbund,,"Töreboda kommun,Karlsborgs kommun,Skövde kommun,Hjo kommun"
Tidaholms kommun,Tidaholms kommun,Tidaholm,0,9,1498,Q501459,municipality,Västra Götalands län,,Pendlingskommun nära mindre stad eller tätort,Mindre städer tätorter och landsbygdskommuner,8685,Mellersta Skaraborgs kommunalförbund,,"Skövde kommun,Hjo kommun,Falköpings kommun,Mullsjö kommun,Habo kommun"
Tierps kommun,Tierps kommun,Tierp,0,9,360,Q510198,municipality,Uppsala län,,Pendlingskommun nära större stad,Större städer och kommuner nära större stad,8559,Uppsala kommunalförbund,,"Heby kommun,Östhammars kommun,Älvkarleby kommun,Uppsala kommun,Gävle kommun"
Timrå kommun,Timrå kommun,Timrå,0,9,2262,Q504983,municipality,Västernorrlands län,,Pendlingskommun nära större stad,Större städer och kommuner nära större stad,8601,Medelpads kommunalförbund,,"Härnösands kommun,Sundsvalls kommun,Sollefteå kommun"
Tingsryds kommun,Tingsryds kommun,Tingsryd,0,9,763,Q515491,municipality,Kronobergs län,,Lågpendlingskommun nära större stad,Större städer och kommuner nära större stad,8425,Östra Kronobergs kommunalförbund,,"Olofströms kommun,Karlshamns kommun,Ronneby kommun,Emmaboda kommun,Lessebo kommun,Växjö kommun,Alvesta kommun,Älmhults kommun"
Tjörns kommun,Tjörns kommun,Tjörn,0,9,1419,Q501448,municipality,Västra Götalands län,Storgöteborg,Pendlingskommun nära mindre stad eller tätort,Mindre städer tätorter och landsbygdskommuner,8686,Södra Bohusläns kommunalförbund,,Orusts kommun
Tomelilla kommun,Tomelilla kommun,Tomelilla,0,9,1270,Q515519,municipality,Skåne län,,Pendlingskommun nära mindre stad eller tätort,Mindre städer tätorter och landsbygdskommuner,8486,Sydöstra Skånes kommunalförbund,,"Simrishamns kommun,Kristianstads kommun,Ystads kommun,Hörby kommun,Sjöbo kommun"
Töreboda kommun,Töreboda kommun,Töreboda,0,9,1473,Q501470,municipality,Västra Götalands län,,Pendlingskommun nära mindre stad eller tätort,Mindre städer tätorter och landsbygdskommuner,8689,Östra Skaraborgs kommunalförbund,,"Mariestads kommun,Karlsborgs kommun,Tibro kommun,Skövde kommun,Gullspångs kommun,Laxå kommun"
Torsås kommun,Torsås kommun,Torsås,0,9,834,Q515551,municipality,Kalmar län,,Pendlingskommun nära mindre stad eller tätort,Mindre städer tätorter och landsbygdskommuner,8417,Emmaboda-Torsås kommunalförbund,,"Emmaboda kommun,Karlskrona kommun,Kalmar kommun"
Torsby kommun,Torsby kommun,Torsby,0,9,1737,Q510135,municipality,Värmlands län,,Landsbygdskommun,Mindre städer tätorter och landsbygdskommuner,8578,,,"Arvika kommun,Sunne kommun,Malung-Sälens kommun,Hagfors kommun"
Tranås kommun,Tranås kommun,Tranås,0,9,687,Q505071,municipality,Jönköpings län,,Lågpendlingskommun nära större stad,Större städer och kommuner nära större stad,8403,,,"Boxholms kommun,Ydre kommun,Ödeshögs kommun,Aneby kommun,Jönköpings kommun"
Tranemo kommun,Tranemo kommun,Tranemo,0,9,1452,Q501479,municipality,Västra Götalands län,,Lågpendlingskommun nära större stad,Större städer och kommuner nära större stad,8687,Södra Älvsborgs kommunalförbund,,"Borås kommun,Svenljunga kommun,Ulricehamns kommun,Gislaveds kommun,Jönköpings kommun"
Trelleborgs kommun,Trelleborgs kommun,Trelleborg,0,9,1287,Q504219,municipality,Skåne län,Stormalmö,Pendlingskommun nära storstad,Storstäder och storstadsnära kommuner,8487,,,"Lunds kommun,Svedala kommun,Vellinge kommun,Skurups kommun"
Trollhättans kommun,Trollhättans kommun,Trollhättan,0,9,1488,Q28532,municipality,Västra Götalands län,,Större stad,Större städer och kommuner nära större stad,8688,Norra Älvsborgs kommunalförbund,,"Uddevalla kommun,Vänersborgs kommun,Alingsås kommun,Ale kommun,Lilla Edets kommun,Essunga kommun,Grästorps kommun"
Trosa kommun,Trosa kommun,Trosa,0,9,488,Q505064,municipality,Södermanlands län,,Pendlingskommun nära större stad,Större städer och kommuner nära större stad,8552,,,"Södertälje kommun,Gnesta kommun,Nyköpings kommun"
Tyresö kommun,Tyresö kommun,Tyresö,0,9,138,Q113730,municipality,Stockholms län,Storstockholm,Pendlingskommun nära storstad,Storstäder och storstadsnära kommuner,8536,Södertörns kommunalförbund,,"Nacka kommun,Stockholms kommun,Huddinge kommun,Haninge kommun"
Uddevalla kommun,Uddevalla kommun,Uddevalla,0,9,1485,Q501442,municipality,Västra Götalands län,,Lågpendlingskommun nära större stad,Större städer och kommuner nära större stad,8690,Kommunalförbundet Mitt Bohuslän,,"Munkedals kommun,Stenungsunds kommun,Lysekils kommun,Orusts kommun,Färgelanda kommun,Vänersborgs kommun,Trollhättans kommun,Lilla Edets kommun"
Ulricehamns kommun,Ulricehamns kommun,Ulricehamn,0,9,1491,Q382808,municipality,Västra Götalands län,,Lågpendlingskommun nära större stad,Större städer och kommuner nära större stad,8691,Södra Älvsborgs kommunalförbund,,"Borås kommun,Herrljunga kommun,Tranemo kommun,Falköpings kommun,Mullsjö kommun,Jönköpings kommun"
Umeå kommun,Umeå kommun,Umeå,0,9,2480,Q507709,municipality,Västerbottens län,,Större stad,Större städer och kommuner nära större stad,8591,Umeåregionens kommunalförbund,,"Vindelns kommun,Nordmalings kommun,Skellefteå kommun,Robertsfors kommun,Vännäs kommun"
Upplands Väsby kommun,Upplands Väsby kommun,Upplands Väsby,0,9,114,Q499425,municipality,Stockholms län,Storstockholm,Pendlingskommun nära storstad,Storstäder och storstadsnära kommuner,8539,Attunda kommunalförbund,,"Upplands-Bro kommun,Sollentuna kommun,Järfälla kommun,Vallentuna kommun,Sigtuna kommun,Täby kommun"
Upplands-Bro kommun,Upplands-Bro kommun,Upplands-Bro,0,9,139,Q113673,municipality,Stockholms län,Storstockholm,Pendlingskommun nära storstad,Storstäder och storstadsnära kommuner,8538,Attunda kommunalförbund,,"Upplands Väsby kommun,Järfälla kommun,Ekerö kommun,Sigtuna kommun,Håbo kommun"
Uppsala kommun,Uppsala kommun,Uppsala,0,9,380,Q59091,municipality,Uppsala län,,Större stad,Större städer och kommuner nära större stad,8560,Uppsala kommunalförbund,,"Heby kommun,Östhammars kommun,Knivsta kommun,Sigtuna kommun,Håbo kommun,Tierps kommun,Enköpings kommun,Norrtälje kommun"
Uppsala kommun före 2003,Uppsala kommun före 2003,Uppsala före 2003,0,2002-12-31,380,Q59091,municipality,Uppsala län,,Större stad,Större städer och kommuner nära större stad,8560,,Uppsala kommun before Knivsta kommun was separated,"Heby kommun,Östhammars kommun,Sigtuna kommun,Håbo kommun,Tierps kommun,Enköpings kommun,Norrtälje kommun"
Uppvidinge kommun,Uppvidinge kommun,Uppvidinge,0,9,760,Q515505,municipality,Kronobergs län,,Lågpendlingskommun nära större stad,Större städer och kommuner nära större stad,8426,Östra Kronobergs kommunalförbund,,"Lessebo kommun,Vetlanda kommun,Växjö kommun,Nybro kommun,Högsby kommun,Hultsfreds kommun"
Vadstena kommun,Vadstena kommun,Vadstena,0,9,584,Q515969,municipality,Östergötlands län,,Pendlingskommun nära mindre stad eller tätort,Mindre städer tätorter och landsbygdskommuner,8719,,,"Motala kommun,Mjölby kommun,Ödeshögs kommun"
Vaggeryds kommun,Vaggeryds kommun,Vaggeryd,0,9,665,Q605329,municipality,Jönköpings län,,Lågpendlingskommun nära större stad,Större städer och kommuner nära större stad,8404,,,"Nässjö kommun,Sävsjö kommun,Värnamo kommun,Gnosjö kommun,Gislaveds kommun,Jönköpings kommun"
Valdemarsviks kommun,Valdemarsviks kommun,Valdemarsvik,0,9,563,Q509997,municipality,Östergötlands län,,Lågpendlingskommun nära större stad,Större städer och kommuner nära större stad,8720,Östra Götalands kommunalförbund,,"Västerviks kommun,Söderköpings kommun,Åtvidabergs kommun"
Vallentuna kommun,Vallentuna kommun,Vallentuna,0,9,115,Q501526,municipality,Stockholms län,Storstockholm,Pendlingskommun nära storstad,Storstäder och storstadsnära kommuner,8540,Storstockholms kommunalförbund,,"Upplands Väsby kommun,Sigtuna kommun,Österåkers kommun,Norrtälje kommun,Täby kommun"
Vänersborgs kommun,Vänersborgs kommun,Vänersborg,0,9,1487,Q511426,municipality,Västra Götalands län,,Pendlingskommun nära större stad,Större städer och kommuner nära större stad,8693,Norra Älvsborgs kommunalförbund,,"Uddevalla kommun,Melleruds kommun,Färgelanda kommun,Trollhättans kommun,Lilla Edets kommun,Grästorps kommun,Lidköpings kommun"
Vännäs kommun,Vännäs kommun,Vännäs,0,9,2460,Q500210,municipality,Västerbottens län,,Pendlingskommun nära större stad,Större städer och kommuner nära större stad,8594,,,"Vindelns kommun,Nordmalings kommun,Bjurholms kommun,Umeå kommun"
Vansbro kommun,Vansbro kommun,Vansbro,0,9,2021,Q501551,municipality,Dalarnas län,,Landsbygdskommun,Mindre städer tätorter och landsbygdskommuner,8362,Norra Dalarnas kommunalförbund,,"Ludvika kommun,Leksands kommun,Mora kommun,Malung-Sälens kommun,Filipstads kommun,Gagnefs kommun"
Vara kommun,Vara kommun,Vara,0,9,1470,Q501428,municipality,Västra Götalands län,,Pendlingskommun nära mindre stad eller tätort,Mindre städer tätorter och landsbygdskommuner,8692,Västra Skaraborgs kommunalförbund,,"Skara kommun,Herrljunga kommun,Essunga kommun,Grästorps kommun,Lidköpings kommun,Falköpings kommun"
Varbergs kommun,Varbergs kommun,Varberg,0,9,1383,Q179180,municipality,Hallands län,,Mindre stad eller tätort,Mindre städer tätorter och landsbygdskommuner,8383,Kommunalförbundet Väst,,"Svenljunga kommun,Falkenbergs kommun,Marks kommun,Kungsbacka kommun"
Vårgårda kommun,Vårgårda kommun,Vårgårda,0,9,1442,Q511297,municipality,Västra Götalands län,,Pendlingskommun nära mindre stad eller tätort,Mindre städer tätorter och landsbygdskommuner,8694,Alingsås och Vårgårda kommunalförbund,,"Borås kommun,Bollebygds kommun,Alingsås kommun,Herrljunga kommun,Essunga kommun"
Värmdö kommun,Värmdö kommun,Värmdö,0,9,120,Q493841,municipality,Stockholms län,Storstockholm,Pendlingskommun nära storstad,Storstäder och storstadsnära kommuner,8542,Storstockholms kommunalförbund,,Nacka kommun
Värnamo kommun,Värnamo kommun,Värnamo,0,9,683,Q280562,municipality,Jönköpings län,,Mindre stad eller tätort,Mindre städer tätorter och landsbygdskommuner,8406,,,"Alvesta kommun,Ljungby kommun,Sävsjö kommun,Vaggeryds kommun,Gnosjö kommun,Gislaveds kommun"
Västerås kommun,Västerås kommun,Västerås,0,9,1980,Q34550,municipality,Västmanlands län,,Större stad,Större städer och kommuner nära större stad,8615,,,"Enköpings kommun,Köpings kommun,Sala kommun,Surahammars kommun,Hallstahammars kommun"
Västerviks kommun,Västerviks kommun,Västervik,0,9,883,Q515477,municipality,Kalmar län,,Mindre stad eller tätort,Mindre städer tätorter och landsbygdskommuner,8419,Mälardalens kommunalförbund,,"Oskarshamns kommun,Vimmerby kommun,Valdemarsviks kommun,Åtvidabergs kommun,Kinda kommun"
Vaxholms kommun,Vaxholms kommun,Vaxholm,0,9,187,Q500090,municipality,Stockholms län,Storstockholm,Pendlingskommun nära storstad,Storstäder och storstadsnära kommuner,8541,Storstockholms kommunalförbund,,"Lidingö kommun,Österåkers kommun"
Växjö kommun,Växjö kommun,Växjö,0,9,780,Q500217,municipality,Kronobergs län,,Större stad,Större städer och kommuner nära större stad,8427,Värends kommunalförbund,,"Lessebo kommun,Uppvidinge kommun,Vetlanda kommun,Tingsryds kommun,Alvesta kommun,Sävsjö kommun"
Vellinge kommun,Vellinge kommun,Vellinge,0,9,1233,Q511338,municipality,Skåne län,Stormalmö,Pendlingskommun nära storstad,Storstäder och storstadsnära kommuner,8488,,,"Trelleborgs kommun,Malmö kommun,Svedala kommun"
Vetlanda kommun,Vetlanda kommun,Vetlanda,0,9,685,Q505052,municipality,Jönköpings län,,Landsbygdskommun,Mindre städer tätorter och landsbygdskommuner,8405,Höglandets kommunalförbund,,"Uppvidinge kommun,Eksjö kommun,Växjö kommun,Högsby kommun,Hultsfreds kommun,Nässjö kommun,Sävsjö kommun"
Vilhelmina kommun,Vilhelmina kommun,Vilhelmina,0,9,2462,Q515861,municipality,Västerbottens län,,Landsbygdskommun,Mindre städer tätorter och landsbygdskommuner,8592,,,"Lycksele kommun,Storumans kommun,Dorotea kommun,Åsele kommun,Strömsunds kommun"
Vimmerby kommun,Vimmerby kommun,Vimmerby,0,9,884,Q505057,municipality,Kalmar län,,Landsbygdskommun,Mindre städer tätorter och landsbygdskommuner,8418,Umeåregionens kommunalförbund,,"Eksjö kommun,Oskarshamns kommun,Hultsfreds kommun,Västerviks kommun,Kinda kommun,Ydre kommun"
Vindelns kommun,Vindelns kommun,Vindeln,0,9,2404,Q504505,municipality,Västerbottens län,,Lågpendlingskommun nära större stad,Större städer och kommuner nära större stad,8593,,,"Norsjö kommun,Bjurholms kommun,Lycksele kommun,Skellefteå kommun,Umeå kommun,Vännäs kommun"
Vingåkers kommun,Vingåkers kommun,Vingåker,0,9,428,Q249378,municipality,Södermanlands län,,Pendlingskommun nära mindre stad eller tätort,Mindre städer tätorter och landsbygdskommuner,8553,Västra Sörmlands kommunalförbund,,"Finspångs kommun,Katrineholms kommun,Örebro kommun"
Ydre kommun,Ydre kommun,Ydre,0,9,512,Q515699,municipality,Östergötlands län,,Pendlingskommun nära mindre stad eller tätort,Mindre städer tätorter och landsbygdskommuner,8721,,,"Eksjö kommun,Vimmerby kommun,Boxholms kommun,Kinda kommun,Tranås kommun,Aneby kommun"
Ystads kommun,Ystads kommun,Ystad,0,9,1286,Q505102,municipality,Skåne län,,Mindre stad eller tätort,Mindre städer tätorter och landsbygdskommuner,8489,Sydöstra Skånes kommunalförbund,,"Simrishamns kommun,Tomelilla kommun,Sjöbo kommun,Skurups kommun"
